Roles	Description	Privileges
AcrPush	acr push	Yes
API Management Service Contributor	Can manage service and the APIs	Yes
AcrPull	acr pull	Yes
AcrImageSigner	Planned DEPRECATION on March 31, 2028. Grant the signing permission for content trust. As content trust is being deprecated and will be completely removed on March 31, 2028, this role will also be removed. Refer to https://aka.ms/acr/dctdeprecation for details and transition guidance.	Yes
AcrDelete	acr delete	Yes
AcrQuarantineReader	acr quarantine data reader	Yes
AcrQuarantineWriter	acr quarantine data writer	Yes
API Management Service Operator Role	Can manage service but not the APIs	Yes
API Management Service Reader Role	Read-only access to service and APIs	Yes
Application Insights Component Contributor	Can manage Application Insights components	Yes
Application Insights Snapshot Debugger	Gives user permission to use Application Insights Snapshot Debugger features	Yes
Attestation Reader	Can read the attestation provider properties	Yes
Automation Job Operator	Create and Manage Jobs using Automation Runbooks.	Yes
Automation Runbook Operator	Read Runbook properties - to be able to create Jobs of the runbook.	Yes
Automation Operator	Automation Operators are able to start, stop, suspend, and resume jobs	Yes
Avere Contributor	Can create and manage an Avere vFXT cluster.	Yes
Avere Operator	Used by the Avere vFXT cluster to manage the cluster	Yes
Azure Kubernetes Service Cluster Admin Role	List cluster admin credential action.	Yes
Azure Kubernetes Service Cluster User Role	List cluster user credential action.	Yes
Azure Maps Data Reader	Grants access to read map related data from an Azure maps account.	No
Azure Stack Registration Owner	Lets you manage Azure Stack registrations.	Yes
Backup Contributor	Lets you manage backups, but can't delete vaults and give access to others	Yes
Billing Reader	Allows read access to billing data	Yes
Backup Reader	Can view backup services, but can't make changes	Yes
Blockchain Member Node Access (Preview)	Allows for access to Blockchain Member nodes	Yes
BizTalk Contributor	Lets you manage BizTalk services, but not access to them.	Yes
CDN Endpoint Contributor	Can manage CDN endpoints, but can't grant access to other users.	Yes
CDN Profile Contributor	Can manage CDN and Azure Front Door standard and premium profiles and their endpoints, but can't grant access to other users.	Yes
CDN Profile Reader	Can view CDN profiles and their endpoints, but can't make changes.	Yes
Classic Network Contributor	Lets you manage classic networks, but not access to them.	Yes
Classic Storage Account Contributor	Lets you manage classic storage accounts, but not access to them.	Yes
Classic Storage Account Key Operator Service Role	Classic Storage Account Key Operators are allowed to list and regenerate keys on Classic Storage Accounts	Yes
ClearDB MySQL DB Contributor	Lets you manage ClearDB MySQL databases, but not access to them.	Yes
Classic Virtual Machine Contributor	Lets you manage classic virtual machines, but not access to them, and not the virtual network or storage account they’re connected to.	Yes
Cognitive Services User	Lets you read and list keys of Cognitive Services.	Yes
Cognitive Services Data Reader	Lets you read Cognitive Services data.	No
Cognitive Services Contributor	Lets you create, read, update, delete and manage keys of Cognitive Services.	Yes
CosmosBackupOperator	Can submit restore request for a Cosmos DB database or a container for an account	Yes
Contributor	Grants full access to manage all resources, but does not allow you to assign roles in Azure RBAC, manage assignments in Azure Blueprints, or share image galleries.	Yes
Cosmos DB Account Reader Role	Can read Azure Cosmos DB Accounts data	Yes
Cost Management Contributor	Can view costs and manage cost configuration (e.g. budgets, exports)	Yes
Cost Management Reader	Can view cost data and configuration (e.g. budgets, exports)	Yes
Data Box Contributor	Lets you manage everything under Data Box Service except giving access to others.	Yes
Data Box Reader	Lets you manage Data Box Service except creating order or editing order details and giving access to others.	Yes
Data Factory Contributor	Create and manage data factories, as well as child resources within them.	Yes
Data Purger	Can purge analytics data	Yes
Data Lake Analytics Developer	Lets you submit, monitor, and manage your own jobs but not create or delete Data Lake Analytics accounts.	Yes
DevTest Labs User	Lets you connect, start, restart, and shutdown your virtual machines in your Azure DevTest Labs.	Yes
DocumentDB Account Contributor	Lets you manage DocumentDB accounts, but not access to them.	Yes
DNS Zone Contributor	Lets you manage DNS zones and record sets in Azure DNS, but does not let you control who has access to them.	Yes
EventGrid EventSubscription Contributor	Lets you manage EventGrid event subscription operations.	Yes
EventGrid EventSubscription Reader	Lets you read EventGrid event subscriptions.	Yes
Graph Owner	Create and manage all aspects of the Enterprise Graph - Ontology, Schema mapping, Conflation and Conversational AI and Ingestions	Yes
HDInsight Domain Services Contributor	Can Read, Create, Modify and Delete Domain Services related operations needed for HDInsight Enterprise Security Package	Yes
Intelligent Systems Account Contributor	Lets you manage Intelligent Systems accounts, but not access to them.	Yes
Key Vault Contributor	Lets you manage key vaults, but not access to them.	Yes
Knowledge Consumer	Knowledge Read permission to consume Enterprise Graph Knowledge using entity search and graph query	Yes
Lab Creator	Lets you create new labs under your Azure Lab Accounts.	Yes
Log Analytics Reader	Log Analytics Reader can view and search all monitoring data as well as and view monitoring settings, including viewing the configuration of Azure diagnostics on all Azure resources.	Yes
Log Analytics Contributor	Log Analytics Contributor can read all monitoring data and edit monitoring settings. Editing monitoring settings includes adding the VM extension to VMs; reading storage account keys to be able to configure collection of logs from Azure Storage; adding solutions; and configuring Azure diagnostics on all Azure resources.	Yes
Logic App Operator	Lets you read, enable and disable logic app.	Yes
Logic App Contributor	Lets you manage logic app, but not access to them.	Yes
Managed Application Operator Role	Lets you read and perform actions on Managed Application resources	Yes
Managed Application Publisher Operator	Allows the publisher to read resources in the managed resource group for Managed Application and request JIT access for additional operations. This role is only used by the Managed Application service to provide access to publishers.	Yes
Managed Identity Operator	Read and Assign User Assigned Identity	Yes
Managed Identity Contributor	Create, Read, Update, and Delete User Assigned Identity	Yes
Management Group Contributor	Management Group Contributor Role	Yes
Management Group Reader	Management Group Reader Role	Yes
Monitoring Reader	Can read all monitoring data.	Yes
Network Contributor	Lets you manage networks, but not access to them.	Yes
New Relic APM Account Contributor	Lets you manage New Relic Application Performance Management accounts and applications, but not access to them.	Yes
Owner	Grants full access to manage all resources, including the ability to assign roles in Azure RBAC.	Yes
Reader	View all resources, but does not allow you to make any changes.	Yes
Redis Cache Contributor	Lets you manage Redis caches, but not access to them.	Yes
Reader and Data Access	Lets you view everything but will not let you delete or create a storage account or contained resource. It will also allow read/write access to all data contained in a storage account via access to storage account keys.	Yes
Resource Policy Contributor	Users with rights to create/modify resource policy, create support ticket and read resources/hierarchy.	Yes
Scheduler Job Collections Contributor	Lets you manage Scheduler job collections, but not access to them.	Yes
Search Service Contributor	Lets you manage Search services, but not access to them.	Yes
Security Manager (Legacy)	This is a legacy role. Please use Security Administrator instead	Yes
Security Reader	Security Reader Role	Yes
Spatial Anchors Account Contributor	Lets you manage spatial anchors in your account, but not delete them	No
Site Recovery Contributor	Lets you manage Site Recovery service except vault creation and role assignment	Yes
Site Recovery Operator	Lets you failover and failback but not perform other Site Recovery management operations	Yes
Spatial Anchors Account Reader	Lets you locate and read properties of spatial anchors in your account	No
Site Recovery Reader	Lets you view Site Recovery status but not perform other management operations	Yes
Spatial Anchors Account Owner	Lets you manage spatial anchors in your account, including deleting them	No
SQL Managed Instance Contributor	Lets you manage SQL Managed Instances and required network configuration, but can’t give access to others.	Yes
SQL DB Contributor	Lets you manage SQL databases, but not access to them. Also, you can't manage their security-related policies or their parent SQL servers.	Yes
SQL Security Manager	Lets you manage the security-related policies of SQL servers and databases, but not access to them.	Yes
Storage Account Contributor	Lets you manage storage accounts, including accessing storage account keys which provide full access to storage account data.	Yes
SQL Server Contributor	Lets you manage SQL servers and databases, but not access to them, and not their security -related policies.	Yes
Storage Account Key Operator Service Role	Storage Account Key Operators are allowed to list and regenerate keys on Storage Accounts	Yes
Storage Blob Data Contributor	Allows for read, write and delete access to Azure Storage blob containers and data	Yes
Storage Blob Data Owner	Allows for full access to Azure Storage blob containers and data, including assigning POSIX access control.	Yes
Storage Blob Data Reader	Allows for read access to Azure Storage blob containers and data	Yes
Storage Queue Data Contributor	Allows for read, write, and delete access to Azure Storage queues and queue messages	Yes
Storage Queue Data Message Processor	Allows for peek, receive, and delete access to Azure Storage queue messages	No
Storage Queue Data Message Sender	Allows for sending of Azure Storage queue messages	No
Storage Queue Data Reader	Allows for read access to Azure Storage queues and queue messages	Yes
Support Request Contributor	Lets you create and manage Support requests	Yes
Traffic Manager Contributor	Lets you manage Traffic Manager profiles, but does not let you control who has access to them.	Yes
User Access Administrator	Lets you manage user access to Azure resources.	Yes
Virtual Machine Contributor	Lets you manage virtual machines, but not access to them, and not the virtual network or storage account they're connected to.	Yes
Web Plan Contributor	Lets you manage the web plans for websites, but not access to them.	Yes
Website Contributor	Lets you manage websites (not web plans), but not access to them.	Yes
Azure Service Bus Data Owner	Allows for full access to Azure Service Bus resources.	Yes
Azure Event Hubs Data Owner	Allows for full access to Azure Event Hubs resources.	Yes
Attestation Contributor	Can read write or delete the attestation provider instance	Yes
HDInsight Cluster Operator	Lets you read and modify HDInsight cluster configurations.	Yes
Cosmos DB Operator	Lets you manage Azure Cosmos DB accounts, but not access data in them. Prevents access to account keys and connection strings.	Yes
Hybrid Server Resource Administrator	Can read, write, delete, and re-onboard Hybrid servers to the Hybrid Resource Provider.	Yes
Hybrid Server Onboarding	Can onboard new Hybrid servers to the Hybrid Resource Provider.	Yes
Azure Event Hubs Data Receiver	Allows receive access to Azure Event Hubs resources.	Yes
Azure Event Hubs Data Sender	Allows send access to Azure Event Hubs resources.	Yes
Azure Service Bus Data Receiver	Allows for receive access to Azure Service Bus resources.	Yes
Azure Service Bus Data Sender	Allows for send access to Azure Service Bus resources.	Yes
Storage File Data SMB Share Reader	Allows for read access to Azure File Share over SMB	No
Storage File Data SMB Share Contributor	Allows for read, write, and delete access in Azure Storage file shares over SMB	No
Private DNS Zone Contributor	Lets you manage private DNS zone resources, but not the virtual networks they are linked to.	Yes
Storage Blob Delegator	Allows for generation of a user delegation key which can be used to sign SAS tokens	Yes
Desktop Virtualization User	Allows user to use the applications in an application group.	No
Storage File Data SMB Share Elevated Contributor	Allows for read, write, delete and modify NTFS permission access in Azure Storage file shares over SMB	No
Blueprint Contributor	Can manage blueprint definitions, but not assign them.	Yes
Blueprint Operator	Can assign existing published blueprints, but cannot create new blueprints. NOTE: this only works if the assignment is done with a user-assigned managed identity.	Yes
Microsoft Sentinel Contributor	Microsoft Sentinel Contributor	Yes
Microsoft Sentinel Responder	Microsoft Sentinel Responder	Yes
Microsoft Sentinel Reader	Microsoft Sentinel Reader	Yes
Policy Insights Data Writer (Preview)	Allows read access to resource policies and write access to resource component policy events.	Yes
SignalR AccessKey Reader	Read SignalR Service Access Keys	Yes
SignalR/Web PubSub Contributor	Create, Read, Update, and Delete SignalR service resources	Yes
Azure Connected Machine Onboarding	Can onboard Azure Connected Machines.	Yes
Managed Services Registration assignment Delete Role	Managed Services Registration Assignment Delete Role allows the managing tenant users to delete the registration assignment assigned to their tenant.	Yes
App Configuration Data Owner	Allows full access to App Configuration data.	No
App Configuration Data Reader	Allows read access to App Configuration data.	No
Kubernetes Cluster - Azure Arc Onboarding	Role definition to authorize any user/service to create connectedClusters resource	Yes
Experimentation Contributor	Experimentation Contributor	Yes
Cognitive Services QnA Maker Reader	Let’s you read and test a KB only.	Yes
Cognitive Services QnA Maker Editor	Let’s you create, edit, import and export a KB. You cannot publish or delete a KB.	Yes
Experimentation Administrator	Experimentation Administrator	Yes
Remote Rendering Administrator	Provides user with conversion, manage session, rendering and diagnostics capabilities for Azure Remote Rendering	No
Remote Rendering Client	Provides user with manage session, rendering and diagnostics capabilities for Azure Remote Rendering.	No
Managed Application Contributor Role	Allows for creating managed application resources.	Yes
Security Assessment Contributor	Lets you push assessments to Security Center	Yes
Tag Contributor	Lets you manage tags on entities, without providing access to the entities themselves.	Yes
Integration Service Environment Developer	Allows developers to create and update workflows, integration accounts and API connections in integration service environments.	Yes
Integration Service Environment Contributor	Lets you manage integration service environments, but not access to them.	Yes
Azure Kubernetes Service Contributor Role	Grants access to read and write Azure Kubernetes Service clusters	Yes
Azure Digital Twins Data Reader	Read-only role for Digital Twins data-plane properties	No
Azure Digital Twins Data Owner	Full access role for Digital Twins data-plane	No
Hierarchy Settings Administrator	Allows users to edit and delete Hierarchy Settings	Yes
FHIR Data Contributor	Role allows user or principal full access to FHIR Data	No
FHIR Data Exporter	Role allows user or principal to read and export FHIR Data	No
FHIR Data Reader	Role allows user or principal to read FHIR Data	No
FHIR Data Writer	Role allows user or principal to read and write FHIR Data	No
Experimentation Reader	Experimentation Reader	Yes
Object Understanding Account Owner	Provides user with ingestion capabilities for Azure Object Understanding.	No
Azure Maps Data Contributor	Grants access to read, write, and delete access to map related data from an Azure maps account.	No
Cognitive Services Custom Vision Contributor	Full access to the project, including the ability to view, create, edit, or delete projects.	Yes
Cognitive Services Custom Vision Deployment	Publish, unpublish or export models. Deployment can view the project but can’t update.	Yes
Cognitive Services Custom Vision Labeler	View, edit training images and create, add, remove, or delete the image tags. Labelers can view the project but can’t update anything other than training images and tags.	Yes
Cognitive Services Custom Vision Reader	Read-only actions in the project. Readers can’t create or update the project.	Yes
Cognitive Services Custom Vision Trainer	View, edit projects and train the models, including the ability to publish, unpublish, export the models. Trainers can’t create or delete the project.	Yes
Key Vault Administrator	Perform all data plane operations on a key vault and all objects in it, including certificates, keys, and secrets. Cannot manage key vault resources or manage role assignments. Only works for key vaults that use the 'Azure role-based access control' permission model.	Yes
Key Vault Crypto User	Perform cryptographic operations using keys. Only works for key vaults that use the 'Azure role-based access control' permission model.	No
Key Vault Secrets Officer	Perform any action on the secrets of a key vault, except manage permissions. Only works for key vaults that use the 'Azure role-based access control' permission model.	Yes
Key Vault Secrets User	Read secret contents. Only works for key vaults that use the 'Azure role-based access control' permission model.	No
Key Vault Certificates Officer	Perform any action on the certificates of a key vault, except manage permissions. Only works for key vaults that use the 'Azure role-based access control' permission model.	Yes
Key Vault Reader	Read metadata of key vaults and its certificates, keys, and secrets. Cannot read sensitive values such as secret contents or key material. Only works for key vaults that use the 'Azure role-based access control' permission model.	Yes
Key Vault Crypto Service Encryption User	Read metadata of keys and perform wrap/unwrap operations. Only works for key vaults that use the 'Azure role-based access control' permission model.	Yes
Azure Arc Kubernetes Viewer	Lets you view all resources in cluster/namespace, except secrets.	Yes
Azure Arc Kubernetes Writer	Lets you update everything in cluster/namespace, except (cluster)roles and (cluster)role bindings.	Yes
Azure Arc Kubernetes Cluster Admin	Lets you manage all resources in the cluster.	Yes
Azure Arc Kubernetes Admin	Lets you manage all resources under cluster/namespace, except update or delete resource quotas and namespaces.	Yes
Azure Kubernetes Service RBAC Cluster Admin	Lets you manage all resources in the cluster.	Yes
Azure Kubernetes Service RBAC Admin	Lets you manage all resources under cluster/namespace, except update or delete resource quotas and namespaces.	Yes
Azure Kubernetes Service RBAC Reader	Allows read-only access to see most objects in a namespace. It does not allow viewing roles or role bindings. This role does not allow viewing Secrets, since reading the contents of Secrets enables access to ServiceAccount credentials in the namespace, which would allow API access as any ServiceAccount in the namespace (a form of privilege escalation). Applying this role at cluster scope will give access across all namespaces.	Yes
Azure Kubernetes Service RBAC Writer	Allows read/write access to most objects in a namespace.This role does not allow viewing or modifying roles or role bindings. However, this role allows accessing Secrets and running Pods as any ServiceAccount in the namespace, so it can be used to gain the API access levels of any ServiceAccount in the namespace. Applying this role at cluster scope will give access across all namespaces.	Yes
Services Hub Operator	Services Hub Operator allows you to perform all read, write, and deletion operations related to Services Hub Connectors.	Yes
Object Understanding Account Reader	Lets you read ingestion jobs for an object understanding account.	No
SignalR REST API Owner	Full access to Azure SignalR Service REST APIs	No
Collaborative Data Contributor	Can manage data packages of a collaborative.	Yes
Device Update Reader	Gives you read access to management and content operations, but does not allow making changes	Yes
Device Update Administrator	Gives you full access to management and content operations	Yes
Device Update Content Administrator	Gives you full access to content operations	Yes
Device Update Content Reader	Gives you read access to content operations, but does not allow making changes	Yes
Cognitive Services Metrics Advisor Administrator	Full access to the project, including the system level configuration.	Yes
Cognitive Services Metrics Advisor User	Access to the project.	Yes
Schema Registry Reader	Read and list Schema Registry groups and schemas.	Yes
Schema Registry Contributor	Read, write, and delete Schema Registry groups and schemas.	Yes
AgFood Platform Service Reader	Provides read access to AgFood Platform Service	No
AgFood Platform Service Contributor	Provides contribute access to AgFood Platform Service	No
AgFood Platform Service Admin	Provides admin access to AgFood Platform Service	No
Managed HSM contributor	Lets you manage managed HSM pools, but not access to them.	Yes
Security Detonation Chamber Submitter	Allowed to create submissions to Security Detonation Chamber	No
SignalR REST API Reader	Read-only access to Azure SignalR Service REST APIs	No
SignalR Service Owner	Full access to Azure SignalR Service REST APIs	No
Reservation Purchaser	Lets you purchase reservations	Yes
AzureML Metrics Writer (preview)	Lets you write metrics to AzureML workspace	Yes
Storage Account Backup Contributor	Lets you perform backup and restore operations using Azure Backup on the storage account.	Yes
Experimentation Metric Contributor	Allows for creation, writes and reads to the metric set via the metrics service APIs.	Yes
Project Babylon Data Curator	The Microsoft.ProjectBabylon data curator can create, read, modify and delete catalog data objects and establish relationships between objects. This role is in preview and subject to change.	Yes
Project Babylon Data Reader	The Microsoft.ProjectBabylon data reader can read catalog data objects. This role is in preview and subject to change.	Yes
Project Babylon Data Source Administrator	The Microsoft.ProjectBabylon data source administrator can manage data sources and data scans. This role is in preview and subject to change.	Yes
Application Group Contributor	Contributor of the Application Group.	Yes
Desktop Virtualization Reader	Reader of Desktop Virtualization.	Yes
Desktop Virtualization Contributor	Contributor of Desktop Virtualization.	Yes
Desktop Virtualization Workspace Contributor	Contributor of the Desktop Virtualization Workspace.	Yes
Desktop Virtualization User Session Operator	Operator of the Desktop Virtualization User Session.	Yes
Desktop Virtualization Session Host Operator	Operator of the Desktop Virtualization Session Host.	Yes
Desktop Virtualization Host Pool Reader	Reader of the Desktop Virtualization Host Pool.	Yes
Desktop Virtualization Host Pool Contributor	Contributor of the Desktop Virtualization Host Pool.	Yes
Desktop Virtualization Application Group Reader	Reader of the Desktop Virtualization Application Group.	Yes
Desktop Virtualization Application Group Contributor	Contributor of the Desktop Virtualization Application Group.	Yes
Desktop Virtualization Workspace Reader	Reader of the Desktop Virtualization Workspace.	Yes
Disk Backup Reader	Provides permission to backup vault to perform disk backup.	Yes
Disk Restore Operator	Provides permission to backup vault to perform disk restore.	Yes
Disk Snapshot Contributor	Provides permission to backup vault to manage disk snapshots.	Yes
Microsoft.Kubernetes connected cluster role	Microsoft.Kubernetes connected cluster role.	Yes
Security Detonation Chamber Submission Manager	Allowed to create and manage submissions to Security Detonation Chamber	No
Security Detonation Chamber Publisher	Allowed to publish and modify platforms, workflows and toolsets to Security Detonation Chamber	No
Collaborative Runtime Operator	Can manage resources created by AICS at runtime	Yes
CosmosRestoreOperator	Can perform restore action for Cosmos DB database account with continuous backup mode	Yes
FHIR Data Converter	Role allows user or principal to convert data from legacy format to FHIR	No
Quota Request Operator	Read and create quota requests, get quota request status, and create support tickets.	Yes
EventGrid Contributor	Lets you manage EventGrid operations.	Yes
Security Detonation Chamber Reader	Allowed to query submission info and files from Security Detonation Chamber	No
Object Anchors Account Reader	Lets you read ingestion jobs for an object anchors account.	No
Object Anchors Account Owner	Provides user with ingestion capabilities for an object anchors account.	No
WorkloadBuilder Migration Agent Role	WorkloadBuilder Migration Agent Role.	Yes
Azure Spring Cloud Data Reader	Allow read access to Azure Spring Cloud Data	No
Cognitive Services Speech Contributor	Full access to Speech projects, including read, write and delete all entities, for real-time speech recognition and batch transcription tasks, real-time speech synthesis and long audio tasks, custom speech and custom voice.	Yes
Cognitive Services Face Recognizer	Lets you perform detect, verify, identify, group, and find similar operations on Face API. This role does not allow create or delete operations, which makes it well suited for endpoints that only need inferencing capabilities, following 'least privilege' best practices.	No
Stream Analytics Query Tester	Lets you perform query testing without creating a stream analytics job first	Yes
AnyBuild Builder	Basic user role for AnyBuild. This role allows listing of agent information and execution of remote build capabilities.	No
IoT Hub Data Reader	Allows for full read access to IoT Hub data-plane properties	No
IoT Hub Twin Contributor	Allows for read and write access to all IoT Hub device and module twins.	No
IoT Hub Registry Contributor	Allows for full access to IoT Hub device registry.	No
IoT Hub Data Contributor	Allows for full access to IoT Hub data plane operations.	No
Test Base Reader	Let you view and download packages and test results.	Yes
Search Index Data Reader	Grants read access to Azure Cognitive Search index data.	No
Search Index Data Contributor	Grants full access to Azure Cognitive Search index data.	No
Storage Table Data Reader	Allows for read access to Azure Storage tables and entities	Yes
Storage Table Data Contributor	Allows for read, write and delete access to Azure Storage tables and entities	Yes
DICOM Data Reader	Read and search DICOM data.	No
DICOM Data Owner	Full access to DICOM data.	No
EventGrid Data Sender	Allows send access to event grid events.	Yes
Disk Pool Operator	Used by the StoragePool Resource Provider to manage Disks added to a Disk Pool.	Yes
AzureML Data Scientist	Can perform all actions within an Azure Machine Learning workspace, except for creating or deleting compute resources and modifying the workspace itself.	Yes
Grafana Admin	Manage server-wide settings and manage access to resources such as organizations, users, and licenses.	No
Azure Connected SQL Server Onboarding	Microsoft.AzureArcData service role to access the resources of Microsoft.AzureArcData stored with RPSAAS.	Yes
Azure Relay Sender	Allows for send access to Azure Relay resources.	Yes
Azure Relay Owner	Allows for full access to Azure Relay resources.	Yes
Azure Relay Listener	Allows for listen access to Azure Relay resources.	Yes
Grafana Viewer	View dashboards, playlists, and query data sources.	No
Grafana Editor	Create, edit, delete, or view dashboards; create, edit, or delete folders; and edit or view playlists.	No
Automation Contributor	Manage azure automation resources and other resources using azure automation.	Yes
Kubernetes Extension Contributor	Can create, update, get, list and delete Kubernetes Extensions, and get extension async operations	Yes
Device Provisioning Service Data Reader	Allows for full read access to Device Provisioning Service data-plane properties.	No
Device Provisioning Service Data Contributor	Allows for full access to Device Provisioning Service data-plane operations.	No
Artifact Signing Certificate Profile Signer	Sign files with a certificate profile.	Yes
Azure Spring Cloud Service Registry Reader	Allow read access to Azure Spring Cloud Service Registry	No
Azure Spring Cloud Service Registry Contributor	Allow read, write and delete access to Azure Spring Cloud Service Registry	No
Azure Spring Cloud Config Server Reader	Allow read access to Azure Spring Cloud Config Server	No
Azure Spring Cloud Config Server Contributor	Allow read, write and delete access to Azure Spring Cloud Config Server	No
Azure VM Managed identities restore Contributor	Azure VM Managed identities restore Contributors are allowed to perform Azure VM Restores with managed identities both user and system	Yes
Azure Maps Search and Render Data Reader	Grants access to very limited set of data APIs for common visual web SDK scenarios. Specifically, render and search data APIs.	No
Azure Maps Contributor	Grants access all Azure Maps resource management.	Yes
Azure Arc VMware VM Contributor	Arc VMware VM Contributor has permissions to perform all VM actions.	Yes
Azure Arc VMware Private Cloud User	Azure Arc VMware Private Cloud User has permissions to use the VMware cloud resources to deploy VMs.	Yes
Azure Arc VMware Administrator role 	Arc VMware VM Contributor has permissions to perform all connected VMwarevSphere actions.	Yes
Cognitive Services LUIS Owner	 Has access to all Read, Test, Write, Deploy and Delete functions under LUIS	Yes
Cognitive Services Language Reader	Has access to Read and Test functions under Language portal	Yes
Cognitive Services Language Writer	 Has access to all Read, Test, and Write functions under Language Portal	Yes
Cognitive Services Language Owner	Has access to all Read, Test, Write, Deploy and Delete functions under Language portal	Yes
Cognitive Services LUIS Reader	Has access to Read and Test functions under LUIS.	Yes
Cognitive Services LUIS Writer	Has access to all Read, Test, and Write functions under LUIS	Yes
PlayFab Reader	Provides read access to PlayFab resources	Yes
Load Test Contributor	View, create, update, delete and execute load tests. View and list load test resources but can not make any changes.	Yes
Load Test Owner	Execute all operations on load test resources and load tests	Yes
PlayFab Contributor	Provides contributor access to PlayFab resources	Yes
Load Test Reader	View and list all load tests and load test resources but can not make any changes	Yes
Cognitive Services Immersive Reader User	Provides access to create Immersive Reader sessions and call APIs	No
Lab Services Contributor	The lab services contributor role	Yes
Lab Services Reader	The lab services reader role	Yes
Lab Assistant	The lab assistant role	Yes
Lab Operator	The lab operator role	Yes
Lab Contributor	The lab contributor role	Yes
Security Admin	Security Admin Role	Yes
Web PubSub Service Owner	Full access to Azure Web PubSub Service REST APIs	No
Web PubSub Service Reader	Read-only access to Azure Web PubSub Service REST APIs	No
SignalR App Server	Lets your app server access SignalR Service with AAD auth options.	No
Virtual Machine User Login	View Virtual Machines in the portal and login as a regular user.	Yes
Virtual Machine Administrator Login	View Virtual Machines in the portal and login as administrator	Yes
Azure Connected Machine Resource Administrator	Can read, write, delete and re-onboard Azure Connected Machines.	Yes
Backup Operator	Lets you manage backup services, except removal of backup, vault creation and giving access to others	Yes
Workbook Contributor	Can save shared workbooks.	Yes
Workbook Reader	Can read workbooks.	Yes
Monitoring Contributor	Can read all monitoring data and update monitoring settings.	Yes
Monitoring Metrics Publisher	Enables publishing metrics against Azure resources	Yes
Purview role 1 (Deprecated)	Deprecated role.	Yes
Purview role 2 (Deprecated)	Deprecated role.	Yes
Purview role 3 (Deprecated)	Deprecated role.	Yes
Autonomous Development Platform Data Contributor (Preview)	Grants permissions to upload and manage new Autonomous Development Platform measurements.	Yes
Autonomous Development Platform Data Owner (Preview)	Grants full access to Autonomous Development Platform data.	Yes
Autonomous Development Platform Data Reader (Preview)	Grants read access to Autonomous Development Platform data.	Yes
Key Vault Crypto Officer	Perform any action on the keys of a key vault, except manage permissions. Only works for key vaults that use the 'Azure role-based access control' permission model.	Yes
Device Update Deployments Reader	Gives you read access to management operations, but does not allow making changes	Yes
Device Update Deployments Administrator	Gives you full access to management operations	Yes
Azure Arc VMware Private Clouds Onboarding	Azure Arc VMware Private Clouds Onboarding role has permissions to provision all the required resources for onboard and deboard vCenter instances to Azure.	Yes
Microsoft Sentinel Automation Contributor	Microsoft Sentinel Automation Contributor	Yes
CDN Endpoint Reader	Can view CDN endpoints, but can't make changes.	Yes
Cognitive Services Speech User	Access to the real-time speech recognition and batch transcription APIs, real-time speech synthesis and long audio APIs, as well as to read the data/test/model/endpoint for custom models, but can’t create, delete or modify the data/test/model/endpoint for custom models.	Yes
Windows Admin Center Administrator Login	Let's you manage the OS of your resource via Windows Admin Center as an administrator.	Yes
Azure Kubernetes Service Policy Add-on Deployment	Deploy the Azure Policy add-on on Azure Kubernetes Service clusters	Yes
Guest Configuration Resource Contributor	Lets you read, write Guest Configuration Resource.	Yes
Domain Services Reader	Can view Azure AD Domain Services and related network configurations	Yes
Domain Services Contributor	Can manage Azure AD Domain Services and related network configurations	Yes
DNS Resolver Contributor	Lets you manage DNS resolver resources.	Yes
Azure Arc Enabled Kubernetes Cluster User Role	List cluster user credentials action.	Yes
Data Operator for Managed Disks	Provides permissions to upload data to empty managed disks, read, or export data of managed disks (not attached to running VMs) and snapshots using SAS URIs and Azure AD authentication.	No
AgFood Platform Sensor Partner Contributor	Provides contribute access to manage sensor related entities in AgFood Platform Service	No
Compute Gallery Sharing Admin	This role allows user to share gallery to another subscription/tenant or share it to the public.	Yes
Scheduled Patching Contributor	Provides access to manage maintenance configurations with maintenance scope InGuestPatch and corresponding configuration assignments	Yes
DevCenter Dev Box User	Provides access to create and manage dev boxes.	Yes
DevCenter Project Admin	Provides access to manage project resources.	Yes
Virtual Machine Local User Login	View Virtual Machines in the portal and login as a local user configured on the arc server	Yes
Azure Arc ScVmm Private Clouds Onboarding	Azure Arc ScVmm Private Clouds Onboarding role has permissions to provision all the required resources for onboard and deboard vmm server instances to Azure.	Yes
Azure Arc ScVmm VM Contributor	Arc ScVmm VM Contributor has permissions to perform all VM actions.	Yes
Azure Arc ScVmm Private Cloud User	Azure Arc ScVmm Private Cloud User has permissions to use the ScVmm resources to deploy VMs.	Yes
Azure Arc ScVmm Administrator role	Arc ScVmm VM Administrator has permissions to perform all ScVmm actions.	Yes
HDInsight on AKS Cluster Admin	Grants a user/group the ability to create, delete and manage clusters within a given cluster pool. Cluster Admin can also run workloads, monitor, and manage all user activity on these clusters.	Yes
HDInsight on AKS Cluster Pool Admin	Can read, create, modify and delete HDInsight on AKS cluster pools and create clusters	Yes
FHIR Data Importer	Role allows user or principal to read and import FHIR Data	No
HDInsight on AKS Cluster Operator	Grants a user/group the ability to read cluster configurations, resize clusters and run jobs	Yes
API Management Developer Portal Content Editor	Can customize the developer portal, edit its content, and publish it.	Yes
Defender Agentless VM Scan	Role that provides access to disk snapshot for security analysis.	Yes
Elastic SAN Owner	Allows for full access to all resources under Azure Elastic SAN including changing network security policies to unblock data path access	Yes
Elastic SAN Reader	Allows for control path read access to Azure Elastic SAN	Yes
Desktop Virtualization Virtual Machine Contributor	This role is in preview and subject to change. Provide permission to the Azure Virtual Desktop Resource Provider to create, delete, update, start, and stop virtual machines.	Yes
Desktop Virtualization Power On Off Contributor	Provide permission to the Azure Virtual Desktop Resource Provider to start and stop virtual machines.	Yes
Desktop Virtualization Power On Contributor	Provide permission to the Azure Virtual Desktop Resource Provider to start virtual machines.	Yes
Elastic SAN Volume Group Owner	Allows for full access to a volume group in Azure Elastic SAN including changing network security policies to unblock data path access	Yes
Access Review Operator Service Role	Lets you grant Access Review System app permissions to discover and revoke access as needed by the access review process.	Yes
Artifact Signing Identity Verifier	Manage identity or business verification requests.	Yes
Video Indexer Restricted Viewer	Has access to view and search through all video's insights and transcription in the Video Indexer portal. No access to model customization, embedding of widget, downloading videos, or sharing the account.	Yes
Monitoring Data Reader	Can access the data in an Azure Monitor Workspace.	No
Azure Kubernetes Fleet Manager RBAC Cluster Admin	Grants read/write access to all Kubernetes resources in the fleet-managed hub cluster.	Yes
Azure Kubernetes Fleet Manager RBAC Reader	Grants read-only access to most Kubernetes resources within a namespace in the fleet-managed hub cluster. It does not allow viewing roles or role bindings. This role does not allow viewing Secrets, since reading the contents of Secrets enables access to ServiceAccount credentials in the namespace, which would allow API access as any ServiceAccount in the namespace (a form of privilege escalation).  Applying this role at cluster scope will give access across all namespaces.	Yes
Azure Kubernetes Fleet Manager RBAC Admin	Grants read/write access to Kubernetes resources within a namespace in the fleet-managed hub cluster - provides write permissions on most objects within a a namespace, with the exception of ResourceQuota object and the namespace object itself. Applying this role at cluster scope will give access across all namespaces.	Yes
Azure Kubernetes Fleet Manager RBAC Writer	Grants read/write access to most Kubernetes resources within a namespace in the fleet-managed hub cluster. This role does not allow viewing or modifying roles or role bindings. However, this role allows accessing Secrets as any ServiceAccount in the namespace, so it can be used to gain the API access levels of any ServiceAccount in the namespace.  Applying this role at cluster scope will give access across all namespaces.	Yes
Azure Kubernetes Fleet Manager Contributor Role	Grants read/write access to Azure resources provided by Azure Kubernetes Fleet Manager, including fleets, fleet members, fleet update strategies, fleet update runs, etc.	Yes
Kubernetes Namespace User	Allows a user to read namespace resources and retrieve kubeconfig for the cluster	Yes
Data Labeling - Labeler	Can label data in Labeling.	Yes
Role Based Access Control Administrator	Manage access to Azure resources by assigning roles using Azure RBAC. This role does not allow you to manage access using other ways, such as Azure Policy.	Yes
Template Spec Contributor	Allows full access to Template Spec operations at the assigned scope.	Yes
Template Spec Reader	Allows read access to Template Specs at the assigned scope.	Yes
Microsoft Sentinel Playbook Operator	Microsoft Sentinel Playbook Operator	Yes
Deployment Environments User	Provides access to manage environment resources.	Yes
Azure Spring Apps Connect Role	Azure Spring Apps Connect Role	No
Azure Spring Apps Remote Debugging Role	Azure Spring Apps Remote Debugging Role	No
AzureML Compute Operator	Can access and perform CRUD operations on Machine Learning Services managed compute resources (including Notebook VMs).	Yes
AzureML Registry User	Can perform all actions on Machine Learning Services Registry assets as well as get Registry resources.	Yes
Azure Center for SAP solutions service role	Azure Center for SAP solutions service role - This role is intended to be used for providing the permissions to user assigned managed identity. Azure Center for SAP solutions will use this identity to deploy and manage SAP systems.	Yes
Azure Center for SAP solutions reader	This role provides read access to all capabilities of Azure Center for SAP solutions.	Yes
Azure Center for SAP solutions administrator	This role provides read and write access to all capabilities of Azure Center for SAP solutions.	Yes
AppGw for Containers Configuration Manager	Allows access and configuration updates to Application Gateway for Containers resource.	Yes
FHIR SMART User	Role allows user to access FHIR Service according to SMART on FHIR specification	No
Cognitive Services OpenAI Contributor	Full access including the ability to fine-tune, deploy and generate text	Yes
Cognitive Services OpenAI User	Ability to view files, models, deployments. Readers can't make any changes They can inference and create images	Yes
Azure impact Reporter role	built-in role for azure impact write access	Yes
Impact Reader	Allows read-only access to reported impacts and impact categories	Yes
Azure Kubernetes Service Cluster Monitoring User	List cluster monitoring user credential action.	Yes
ContainerApp Reader	View all containerapp resources, but does not allow you to make any changes.	Yes
Azure Connected Machine Resource Manager	Custom Role for AzureStackHCI RP to manage hybrid compute machines and hybrid connectivity endpoints in a resource group	Yes
SqlDb Migration Role	Role for SqlDb migration	Yes
Bayer Ag Powered Services GDU Solution	Provide access to GDU Solution by Bayer Ag Powered Services	No
Bayer Ag Powered Services Imagery Solution	Provide access to Imagery Solution by Bayer Ag Powered Services	No
Azure Center for SAP solutions Service role for management	This role has permissions that the user assigned managed identity must have to enable registration for the existing systems.	No
Azure Center for SAP solutions Management role	This role has permissions which allow users to register existing systems, view and manage systems.	No
Defender Kubernetes API Access	Grants Microsoft Defender for Cloud access to Azure Kubernetes Services	Yes
Azure Usage Billing Data Sender	Azure Usage Billing shared BuiltIn role to be used for all Customer Account Authentication	No
Defender Registry Access	Grants Microsoft Defender for Cloud access to Azure Container Registry for security assessment of container images	Yes
SqlMI Migration Role	Role for SqlMI migration	Yes
Bayer Ag Powered Services CWUM Solution	Provide access to CWUM Solution by Bayer Ag Powered Services	No
SqlVM Migration Role	Role for SqlVM migration	Yes
Azure Front Door Secret Contributor	For internal use within Azure. Can manage Azure Front Door secrets, but can't grant access to other users.	Yes
Azure Front Door Domain Contributor	For internal use within Azure. Can manage Azure Front Door domains, but can't grant access to other users.	Yes
Azure Front Door Domain Reader	For internal use within Azure. Can view Azure Front Door domains, but can't make changes.	Yes
Azure Front Door Secret Reader	For internal use within Azure. Can view Azure Front Door secrets, but can't make changes.	Yes
LocalRulestacksAdministrator role	Allows users to create, modify, describe, or delete Rulestacks.	Yes
MySQL Backup And Export Operator	Grants full access to manage backup and export resources	Yes
Azure Stack HCI Administrator	Grants full access to the cluster and its resources, including the ability to register Azure Stack HCI and assign others as Azure Arc HCI VM Contributor and/or Azure Arc HCI VM Reader	Yes
LocalNGFirewallAdministrator role	Allows user to create, modify, describe, or delete NGFirewalls.	Yes
Azure Extension for SQL Server Deployment	Microsoft.AzureArcData service role to enable deployment of Azure Extension for SQL Server	Yes
Azure Maps Data Read and Batch Role	This role can be used to assign read and batch actions on Azure Maps.	No
API Management Workspace API Developer	Has read access to entities in the workspace and read and write access to entities for editing APIs. This role should be assigned on the workspace scope.	Yes
API Management Workspace Contributor	Can manage the workspace and view, but not modify its members. This role should be assigned on the workspace scope.	Yes
API Management Workspace Reader	Has read-only access to entities in the workspace. This role should be assigned on the workspace scope.	Yes
API Management Workspace API Product Manager	Has read access to entities in the workspace and read and write access to entities for publishing APIs. This role should be assigned on the workspace scope.	Yes
API Management Service Workspace API Developer	Has read access to tags and products and write access to allow: assigning APIs to products, assigning tags to products and APIs. This role should be assigned on the service scope.	Yes
API Management Service Workspace API Product Manager	Has the same access as API Management Service Workspace API Developer as well as read access to users and write access to allow assigning users to groups. This role should be assigned on the service scope.	Yes
Storage File Data Privileged Contributor	Customer has read, write, delete and modify NTFS permission access on Azure Storage file shares.	No
Storage File Data Privileged Reader	Customer has read access on Azure Storage file shares.	No
Windows 365 Network User	This role is used by Windows 365 to read virtual networks and join the designated virtual networks.	Yes
Windows365SubscriptionReader	Read subscriptions, images, azure firewalls. This role is used in Windows365 scenarios.	Yes
Windows 365 Network Interface Contributor	This role is used by Windows 365 to provision required network resources and join Microsoft-hosted VMs to network interfaces.	Yes
App Compliance Automation Reader	Allows read-only access to App Compliance Automation tool for Microsoft 365	Yes
App Compliance Automation Administrator	Allows managing App Compliance Automation tool for Microsoft 365	Yes
Azure Sphere Contributor	Allows user read and write access to Azure Sphere resources.	Yes
SaaS Hub Contributor	SaaS Hub contributor can manage SaaS Hub resource	Yes
Azure Sphere Publisher	Allows user to read and download Azure Sphere resources and upload images.	Yes
Azure Sphere Reader	Allows user to read Azure Sphere resources.	Yes
Azure Machine Learning Workspace Connection Secrets Reader	Can list workspace connection secrets	Yes
Procurement Contributor	Lets you manage the procurement of products and services.	Yes
Cognitive Search Serverless Data Reader (Deprecated)	This role has been deprecated	No
Cognitive Search Serverless Data Contributor (Deprecated)	This role has been deprecated	No
Community Owner Role	Community Owner Role to access the resources of Microsoft.Mission stored with RPSAAS.	Yes
Firmware Analysis Admin	Administrative user that can upload/view firmwares & configure firmware workspaces	Yes
Key Vault Data Access Administrator	Manage access to Azure Key Vault by adding or removing role assignments for the Key Vault Administrator, Key Vault Certificates Officer, Key Vault Crypto Officer, Key Vault Crypto Service Encryption User, Key Vault Crypto User, Key Vault Reader, Key Vault Secrets Officer, or Key Vault Secrets User roles. Includes an ABAC condition to constrain role assignments.	Yes
Defender for Storage Data Scanner	Grants access to read blobs and update index tags. This role is used by the data scanner of Defender for Storage.	Yes
Compute Diagnostics Role	Grants permissions to execute diagnostics provided by Compute Diagnostic Service for Compute Resources.	Yes
Elastic SAN Network Admin	Allows access to create Private Endpoints on SAN resources, and to read SAN resources	Yes
Cognitive Services Usages Reader	Minimal permission to view Cognitive Services usages.	Yes
PostgreSQL Flexible Server Long Term Retention Backup Role	Role to allow backup vault to access PostgreSQL Flexible Server Resource APIs for Long Term Retention Backup.	Yes
Search Parameter Manager	Role allows user or principal access to $status and $reindex to update search parameters	No
Virtual Machine Data Access Administrator (preview)	Manage access to Virtual Machines by adding or removing role assignments for the Virtual Machine Administrator Login and Virtual Machine User Login roles. Includes an ABAC condition to constrain role assignments.	Yes
Logic Apps Standard Contributor (Preview)	You can manage all aspects of a Standard logic app and workflows. You can't change access or ownership.	Yes
Logic Apps Standard Operator (Preview)	You can enable and disable the logic app, resubmit workflow runs, as well as create connections. You can't edit workflows or settings.	Yes
Logic Apps Standard Reader (Preview)	You have read-only access to all resources in a Standard logic app and workflows, including the workflow runs and their history.	Yes
Logic Apps Standard Developer (Preview)	You can create and edit workflows, connections, and settings for a Standard logic app. You can't make changes outside the workflow scope.	Yes
IPAM Pool User	Read IPAM Pools and child resources. Create and remove associations. This role is in preview and subject to change.	Yes
SpatialMapsAccounts Account Owner	Lets you manage data in your account, including deleting them	No
Azure Resource Notifications System Topics Subscriber	Lets you create system topics and event subscriptions on all system topics exposed currently and in the future by Azure Resource Notifications	Yes
Elastic SAN Volume Importer	Allows for Importing Elastic San Volume	Yes
Elastic SAN Snapshot Exporter	Allows for creating and exporting Snapshot of Elastic San Volume	Yes
Community Contributor Role	Community Contributor Role to access the resources of Microsoft.Mission stored with RPSAAS.	Yes
EventGrid TopicSpaces Publisher	Lets you publish messages on topicspaces.	Yes
EventGrid TopicSpaces Subscriber	Lets you subscribe messages on topicspaces.	Yes
Data Boundary Tenant Administrator	Allows tenant level administration for data boundaries.	Yes
DeID Realtime Data User	Execute requests against DeID realtime endpoint. This role is in preview and subject to change.	No
DeID Batch Data Owner	Create and manage DeID batch jobs. This role is in preview and subject to change.	No
DeID Batch Data Reader	Read DeID batch jobs. This role is in preview and subject to change.	No
Carbon Optimization Reader	Allow read access to Azure Carbon Optimization data	Yes
Landing Zone Management Owner	Microsoft.Sovereign Landing Zone Management Owner allowing to review and modify Landing Zone Configurations as well as reading and adding Landing Zone Registrations. Also enables read-access to policies and management groups for enabling the full user experience of the Sovereign Services RP in the Azure Portal (as otherwise some elements might not be accessible to end users).	Yes
Landing Zone Management Reader	Microsoft.Sovereign Landing Zone Management Reader allowing to review Landing Zone Configurations and corresponding Registrations without the ability to modify. Also enables read-access to policies and management groups for enabling the full user experience of the Sovereign Services RP in the Azure Portal (as otherwise some elements might not be accessible to end users).	Yes
Azure Stack HCI Device Management Role	Microsoft.AzureStackHCI Device Management Role	Yes
Azure Customer Lockbox Approver for Subscription	Can approve Microsoft support requests to access specific resources contained within a subscription, or the subscription itself, when Customer Lockbox for Microsoft Azure is enabled on the tenant where the subscription resides.	Yes
Azure Resource Bridge Deployment Role	Azure Resource Bridge Deployment Role	Yes
Azure Stack HCI VM Contributor	Grants permissions to perform all VM actions	Yes
Azure AI Developer	Can perform all actions within an Azure AI resource besides managing the resource itself.	Yes
Azure Stack HCI VM Reader	Grants permissions to view VMs	Yes
Deployment Environments Reader	Provides read access to environment resources.	Yes
Azure AI Inference Deployment Operator	Can perform all actions required to create a resource deployment within a resource group.	Yes
EventGrid Data Contributor	Allows send and receive access to event grid events.	Yes
EventGrid Data Receiver	Allows receive access to event grid events.	Yes
Connected Cluster Managed Identity CheckAccess Reader	Built-in role that allows a Connected Cluster managed identity to call the checkAccess API	Yes
Advisor Reviews Reader	View reviews for a workload and recommendations linked to them.	Yes
Advisor Reviews Contributor	View reviews for a workload and triage recommendations linked to them.	Yes
AgFood Platform Dataset Admin	Provides access to Dataset APIs	No
Defender for Storage Scanner Operator	Lets you enable and configure Microsoft Defender for Storage's malware scanning and sensitive data discovery features on your storage accounts. Includes an ABAC condition to limit role assignments.	Yes
Azure Front Door Profile Reader	Can view AFD standard and premium profiles and their endpoints, but can't make changes.	Yes
Enclave Reader Role	Enclave Reader Role to access the resources of Microsoft.Mission stored with RPSAAS.	Yes
Azure Kubernetes Service Hybrid Cluster Admin Role	List cluster admin credential action.	Yes
Azure Kubernetes Service Hybrid Contributor Role	Grants access to read and write Azure Kubernetes Services hybrid clusters	Yes
Azure Kubernetes Service Hybrid Cluster User Role	List cluster user credential action.	Yes
Enclave Owner Role	Enclave Owner Role to access the resources of Microsoft.Mission stored with RPSAAS.	Yes
Community Reader Role	Community Reader Role to access the resources of Microsoft.Mission stored with RPSAAS.	Yes
Enclave Contributor Role	Enclave Contributor Role to access the resources of Microsoft.Mission stored with RPSAAS.	Yes
Operator Nexus Key Vault Writer Service Role (Preview)	(Preview) Provides Azure Operator Nexus services the ability to write to a Key Vault. This role is in preview and subject to change.	Yes
Storage Account Encryption Scope Contributor Role	Allows management of Encryption Scopes on a Storage Account	Yes
Key Vault Crypto Service Release User	Release keys. Only works for key vaults that use the 'Azure role-based access control' permission model.	No
Kubernetes Runtime Storage Class Contributor Role	Read, write, and delete Kubernetes Runtime storage classes in an Arc connected Kubernetes cluster	Yes
Azure Programmable Connectivity Gateway User	Allows access to all Gateway dataplane APIs.	Yes
Key Vault Certificate User	Read certificate contents. Only works for key vaults that use the 'Azure role-based access control' permission model.	No
Azure Spring Apps Managed Components Log Reader Role	Read real-time logs for all managed components in Azure Spring Apps	No
Azure Spring Apps Spring Cloud Gateway Log Reader Role	Read real-time logs for Spring Cloud Gateway in Azure Spring Apps	Yes
Azure API Center Data Reader	Allows for access to Azure API Center data plane read operations.	No
Azure Spring Apps Application Configuration Service Log Reader Role	Read real-time logs for Application Configuration Service in Azure Spring Apps	Yes
Azure Edge On-Site Deployment Engineer	Grants you access to take actions as an on-site person to assist in the provisioning of an edge device	Yes
Azure impact-insight reader	built-in role for azure impact-insight read access	Yes
Defender Kubernetes Agent Operator	Grants Microsoft Defender for Cloud permissions to provision the Kubernetes defender security agent	Yes
Azure Red Hat OpenShift Image Registry Operator	Enables permissions for the operator to manage a singleton instance of the OpenShift image registry. It manages all configuration of the registry, including creating storage.	Yes
Azure Red Hat OpenShift Service Operator	Maintain machine health, network configuration, monitoring, and other features that are specific to an OpenShift cluster's continued functionality as a managed service.	Yes
Azure Red Hat OpenShift Network Operator	Install and upgrade the networking components on an OpenShift cluster.	Yes
Azure Red Hat OpenShift Disk Storage Operator	Install Container Storage Interface (CSI) drivers that enable your cluster to use Azure Disks. Set OpenShift cluster-wide storage defaults to ensure a default storageclass exists for clusters.	Yes
Azure Red Hat OpenShift Cluster Ingress Operator	Manage and configure the OpenShift router.	Yes
Azure Red Hat OpenShift File Storage Operator	Install Container Storage Interface (CSI) drivers that enable your cluster to use Azure Files. Set OpenShift cluster-wide storage defaults to ensure a default storageclass exists for clusters.	Yes
Azure Red Hat OpenShift Cloud Controller Manager	Manage and update the cloud controller manager deployed on top of OpenShift.	Yes
Azure Red Hat OpenShift Machine API Operator	Manage the lifecycle of specific-purpose custom resource definitions (CRD), controllers, and Azure RBAC objects that extend the Kubernetes API to declares the desired state of machines in a cluster.	Yes
Azure Sphere Owner	Allows user read and write access to Azure Sphere resources and RBAC configuration, includes an ABAC condition to constrain role assignments.	Yes
GroupQuota Reader	Read GroupQuota requests, get GroupQuota request status, and get groupQuotaLimits.	Yes
GroupQuota Request Operator	Read and create GroupQuota requests, get GroupQuota request status, and get groupQuotaLimits.	Yes
Bayer Ag Powered Services Smart Boundary Solution User Role	Provide access to Smart Boundary Solution by Bayer Ag Powered Services	No
Defender CSPM Storage Scanner Operator	Lets you enable and configure Microsoft Defender CSPM's sensitive data discovery feature on your storage accounts. Includes an ABAC condition to limit role assignments.	Yes
Advisor Recommendations Contributor (Assessments and Reviews)	View assessment recommendations, accepted review recommendations, and manage the recommendations lifecycle (mark recommendations as completed, postponed or dismissed, in progress, or not started).	Yes
GeoCatalog Administrator	Grants full access to manage GeoCatalogs, but does not allow you to assign roles in Azure RBAC.	Yes
GeoCatalog Reader	View GeoCatalogs, but does not allow you to make any changes.	Yes
Healthcare Agent Reader	Users with reader access can sign in, have read-only access to the bot resources, scenarios and configuration setting except for the bot instance keys & secrets (including Authentication, Data Connection and Channels keys) and the end-user inputs (including Feedback, Unrecognized utterances and Conversation logs).	No
Healthcare Agent Admin	Users with admin access can sign in, view and edit all of the bot resources, scenarios and configuration setting including the bot instance keys & secrets.	No
Healthcare Agent Editor	Users with editor access can sign in, view and edit all the bot resources, scenarios and configuration setting except for the bot instance keys & secrets and the end-user inputs (including Feedback, Unrecognized utterances and Conversation logs). A read-only access to the bot skills and channels.	No
Azure Programmable Connectivity Gateway Dataplane User	Allows access to all Gateway dataplane APIs.	Yes
Azure AI Enterprise Network Connection Approver	Can approve private endpoint connections to Azure AI common dependency resources	Yes
Azure Container Storage Operator	Role required by a Managed Identity for Azure Container Storage operations	Yes
Azure Container Storage Contributor	Lets you install Azure Container Storage and manage its storage resources	Yes
Azure Container Storage Owner	Lets you install Azure Container Storage and grants access to its storage resources	Yes
Azure Kubernetes Service Arc Contributor Role	Grants access to read and write Azure Kubernetes Services hybrid clusters	Yes
Azure Kubernetes Service Arc Cluster User Role	List cluster user credential action.	Yes
Azure Kubernetes Service Arc Cluster Admin Role	List cluster admin credential action.	Yes
Backup MUA Operator	Backup MultiUser-Authorization. Allows user to perform critical operation protected by resourceguard	Yes
Backup MUA Admin	Backup MultiUser-Authorization. Can create/delete ResourceGuard 	Yes
Savings plan Purchaser	Lets you purchase savings plans	Yes
CrossConnectionReader	Allows for read access to ExpressRoute CrossConnections	Yes
CrossConnectionManager	Allows for read, write access to ExpressRoute CrossConnections	Yes
Defender Containers Sensor	Grants Microsoft Defender for Cloud access to Azure Kubernetes Services	Yes
Azure API Center Service Contributor	Allows managing Azure API Center service.	Yes
Azure API Center Compliance Manager	Allows managing API compliance in Azure API Center service.	Yes
Azure API Center Service Reader	Allows read-only access to Azure API Center service.	Yes
Oracle.Database VmCluster Administrator Built-in Role	Grants full access to manage all VmCluster resources	Yes
Oracle.Database Exadata Infrastructure Administrator Built-in Role	Grants full access to manage all Exadata Infrastructure resources	Yes
Oracle Subscriptions Manager Built-in Role	Grants full access to manage all Oracle Subscriptions resources	Yes
Oracle.Database Owner Built-in Role	Grants full access to manage all Oracle.Database resources	Yes
Bayer Ag Powered Services Historical Weather Data Solution User Role	Provide access to Historical Weather Data Solution by Bayer Ag Powered Services	No
Oracle.Database Reader Built-in Role	Grants read access to all Oracle.Database resources	Yes
Azure Messaging Catalog Data Owner	Allows for full access to Azure Messaging Catalog resources.	Yes
Azure Spring Apps Application Configuration Service Config File Pattern Reader Role	Read content of config file pattern for Application Configuration Service in Azure Spring Apps	Yes
Azure Hybrid Database Administrator - Read Only Service Role	Read only access to Azure hybrid database services resources.	Yes
Microsoft Sentinel Business Applications Agent Operator	List and update actions on a business applications system. This role is in preview and subject to change.	Yes
Azure ContainerApps Session Executor	Create and execute sessions in a sessionPool	Yes
Microsoft.Edge Winfields federated subscription read access role	Microsoft.Edge Winfields role for read access on federated subscriptions	Yes
Azure Red Hat OpenShift Federated Credential	Create, update and delete federated credentials on user assigned managed identities in order to build a trust relationship between the managed identity, OpenID Connect (OIDC), and the service account.	Yes
Bayer Ag Powered Services Crop Id Solution User Role	Provide access to Crop Id Solution by Bayer Ag Powered Services	No
Scheduled Events Contributor	Provides access to scheduled event actions	Yes
Compute Recommendations Role	Grants permissions to call Compute Recommendations APIs provided by Compute Diagnostic Resource Provider service.	Yes
Azure Spring Apps Job Execution Instance List Role	List instances for job executions in Azure Spring Apps	No
Azure Spring Apps Job Log Reader Role	Read real-time logs for jobs in Azure Spring Apps	Yes
Nexus Network Fabric Service Writer	Read-write access to Nexus Network Fabric Service	Yes
Nexus Network Fabric Service Reader	Read-only access to Nexus Network Fabric Service	Yes
Azure Deployment Stack Owner	Allows a user to manage deployment stacks, including those with deny assignments.	Yes
Azure Deployment Stack Contributor	Allows a user to manage deployment stacks, but cannot create or delete deny assignments within the deployment stack.	Yes
Azure Spring Apps Spring Cloud Config Server Log Reader Role	Read real-time logs for Spring Cloud Config Server in Azure Spring Apps	Yes
Container Registry Repository Catalog Lister	Allows for listing all repositories in an Azure Container Registry.	No
Container Registry Repository Reader	Allows for read access to Azure Container Registry repositories, but excluding catalog listing.	No
Container Registry Repository Writer	Allows for read and write access to Azure Container Registry repositories, but excluding catalog listing.	No
Container Registry Repository Contributor	Allows for read, write, and delete access to Azure Container Registry repositories, but excluding catalog listing.	No
Locks Contributor	Can Manage Locks Operations.	Yes
DeID Data Owner	Full access to DeID data. This role is in preview and subject to change	No
CloudTest Leased VM Reader	Can view CloudTest leased VM's credentials	Yes
Standby Container Group Pool Contributor	Allows users to manage standby container group pool resources.	Yes
ToolchainOrchestrator Admin Role	Grant full access to manage all Toolchain orchestrator resources.	Yes
ToolchainOrchestrator Viewer Role	Grant access to view all Toolchain orchestrator resources.	Yes
Compute Gallery Artifacts Publisher	This is the role for publishing gallery artifacts.	Yes
ProviderHub Reader	Allows you to view all Microsoft.ProviderHub resources created through the Resource Provider Platform, but does not allow you to make any changes to the resources.	Yes
ProviderHub Contributor	Allows you to create and manage Microsoft.ProviderHub resources through the Resource Provider Platform. Does not allow you to assign roles in Azure RBAC.	Yes
Azure Stack HCI Connected InfraVMs	Role of Arc Integration for Azure Stack HCI Infrastructure Virtual Machines.	Yes
VM Restore Operator	Create and Delete resources during VM Restore. This role is in preview and subject to change.	Yes
HDInsight Cluster Admin	Can read, create, modify and delete HDInsight clusters, configuration, extensions, etc.	Yes
Operator Nexus Compute Contributor Role (Preview)	(Preview) Manage and configure Azure Operator Nexus infrastructure resources. This role is in preview and subject to change.	Yes
Azure Container Instances Contributor Role	Grants read/write access to container groups provided by Azure Container Instances	Yes
Connector Reader	Read connectors and their associated resources, such as impacts and insights.	Yes
Transparency Logs Owner	Grants full access to manage Transparency Log resources.	Yes
Disk Encryption Set Operator for Managed Disks	Provides permissions to read, write or delete disk encryption sets which are used for encrypting managed disks with customer managed keys	Yes
Grafana Limited Viewer	View home page.	No
Bayer Ag Powered Services Field Imagery Solution Service Role	Provide access to Field Imagery Solution by Bayer Ag Powered Services	No
Azure Edge Hardware Center Administrator	Grants you access to take actions as an edge order administrator	Yes
Azure AI Administrator	A Built-In Role that has all control plane permissions to work with Azure AI and its dependencies.	Yes
Compute Gallery Image Reader	This is the role for reading gallery images.	Yes
Container Apps SessionPools Reader	Read access to ContainerApps sessionpools.	Yes
Container Apps ManagedEnvironments Contributor	Full management of Container Apps ManagedEnvironments, including creation, deletion, and updates.	Yes
Container Apps ManagedEnvironments Reader	Read access to ContainerApps managedenvironments.	Yes
Container Apps Contributor	Full management of Container Apps, including creation, deletion, and updates.	Yes
Container Apps SessionPools Contributor	Full management of Container Apps SessionPools, including creation, deletion, and updates.	Yes
Container Apps Jobs Reader	Read access to ContainerApps jobs	Yes
Container Apps Operator	Read, logstream and exec into Container Apps.	Yes
Container Apps Jobs Contributor	Full management of Container Apps jobs, including creation, deletion, and updates.	Yes
Durable Task Data Contributor	Durable Task role for all data access operations.	No
KubernetesRuntime Load Balancer Contributor Role	Read, write, and delete load balancers in an Arc connected Kubernetes cluster	Yes
AVS Orchestrator Role	Do not remove this role from your resource group because it is critical to enable your AVS private cloud to operate. If the role is removed, it will cause your AVS private cloud control plane to no longer operate correctly. The role is used to enable the AVS private cloud control plane to create the supporting resources in the resource group of the private clouds attached virtual network and bind them to the attached virtual network. This role is not intended for use cases outside of assignment to the associated AVS identity in your entra-id tenant.	Yes
Service Connector Contributor	Can Manage Service Connector.	Yes
Azure Device Update Agent	Provide full access to all Azure Device Update agent operations	No
Enclave Approver Role	Read all resources in Azure Virtual Enclaves and Approve approval requests within the Enclave	Yes
Key Vault Purge Operator	Allows permanent deletion of soft-deleted vaults.	Yes
Cognitive Services Face Contributor	Full access to perform all Face APIs	Yes
Container Apps Jobs Operator	Read, start, and stop Container Apps jobs.	Yes
Operator Nexus Owner (Preview)	(Preview) This role allows full access to Azure Operator Nexus Network Cloud resources. This role is in preview and subject to change.	Yes
CloudTest Contributor Role	Read, write, delete and perform actions on CloudTest Accounts, CloudTest Pools, 1ES Hosted Pools, 1ES Build Caches and 1ES Images.	Yes
Azure Automanage Contributor	Azure Automanage Contributor	Yes
Azure Bot Service Contributor Role	To perform actions on the bots by copilot studio platform and extensibility team	Yes
App Configuration Reader	Grants permission for read operations for App Configuration resources. This role does not grant access to data plane resources such as key-values, snapshots, and feature flags.	Yes
App Configuration Contributor	Grants permission for all management operations, except purge, for App Configuration resources. This role does not grant access to data plane resources such as key-values, snapshots, and feature flags.	Yes
Service Fabric Managed Cluster Contributor	Deploy and manage your Service Fabric Managed Cluster resources. Includes managed clusters, node types, application types, application type versions, applications, and services.	Yes
Container Registry Data Importer and Data Reader	Provides the ability to import images into a registry through the registry import operation. Provides the ability to list repositories, view images and tags, get manifests, and pull images. Does not provide permissions for importing images through configuring registry transfer pipelines such as import and export pipelines. Does not provide permissions for importing through configuring Artifact Cache or Sync rules.	Yes
Azure Batch Service Orchestration Role	Grants the required permissions to Azure Batch Resource Provider to manage compute and other backing resources in the subscription.	Yes
Microsoft PowerBI Tenant Operations Role	Allows management of tenant operations	Yes
Service Fabric Cluster Contributor	Manage your Service Fabric Cluster resources. Includes clusters, application types, application type versions, applications, and services. You will need additional permissions to deploy and manage the cluster's underlying resources such as virtual machine scale sets, storage accounts, networks, etc.	Yes
Stream Analytics Contributor	Contributor access to Clusters and Streaming Jobs	Yes
Stream Analytics Reader	Read-only access to Clusters and Streaming Jobs	Yes
Durable Task Worker	Used by worker applications to interact with the Durable Task service	No
Portal Dashboard Writer Role	Can write an Azure Portal Dashboard	Yes
Landing Zone Account Reader	Microsoft.Sovereign Landing Zone Account Reader allowing to read Landing Zone Account, Landing Zone Configurations and Landing Zone Registrations. Also enables read-access to policies and management groups for enabling the full user experience of the Sovereign Services RP in the Azure Portal (as otherwise some elements might not be accessible to end users).	Yes
Landing Zone Account Owner	Microsoft.Sovereign Landing Zone Account Owner allowing to review and modify Landing Zone Account, Landing Zone Configurations, as well as reading and adding Landing Zone Registrations. Also enables read-access to policies and management groups for enabling the full user experience of the Sovereign Services RP in the Azure Portal (as otherwise some elements might not be accessible to end users).	Yes
Microsoft.Windows365.CloudPcDelegatedMsis Writer User	Built in role to perform Write operations on CloudPcDelegatedMsis resources.	Yes
Azure Batch Account Reader	Lets you view all resources including pools and jobs in the Batch account.	Yes
Azure Batch Data Contributor	Grants permissions to manage Batch pools and jobs but not to modify accounts.	Yes
Azure Batch Job Submitter	Lets you submit and manage jobs in the Batch account.	Yes
Azure Batch Account Contributor	Grants full access to manage all Batch resources, including Batch accounts, pools and jobs.	Yes
Defender Sensitive Data Discovery	Grants permissions for Microsoft Defender for Cloud Sensitive Data Discovery plan features	Yes
Azure Managed Grafana Workspace Contributor	Can manage Azure Managed Grafana resources, without providing access to the workspaces themselves.	Yes
Cognitive Services Data Contributor (Preview)	Allows to call data plane APIs, but not any control plane APIs for Microsoft Cognitive Services. This role is in preview and subject to change.	No
Container Apps ConnectedEnvironments Reader	Read access to Container Apps ConnectedEnvironments.	Yes
Azure Kubernetes Fleet Manager RBAC Cluster Reader	Grants read-only access to most Kubernetes cluster-scoped resources in the fleet-managed hub cluster.	Yes
Azure Kubernetes Fleet Manager RBAC Cluster Writer	Grants read/write access to most Kubernetes cluster-scoped resources in the fleet-managed hub cluster.	Yes
Chaos Studio Experiment Contributor	Can create, run, and see details for experiments, onboard targets, and manage capabilities.	Yes
Chaos Studio Reader	Can view targets, capabilities, experiments, and experiment details.	Yes
Chaos Studio Operator	Can run and see details for experiments but cannot create experiments or manage targets and capabilities.	Yes
Container Apps ConnectedEnvironments Contributor	Full management of Container Apps ConnectedEnvironments, including creation, deletion, and updates.	Yes
Azure Messaging Connectors Owner	Allows for full access to Azure Messaging Connectors resources.	Yes
Container Registry Contributor and Data Access Configuration Administrator	Provides permissions to create, list, and update container registries and registry configuration properties. Provides permissions to configure data access such as admin user credentials, scope maps, and tokens, which can be used to read, write or delete repositories and images. Does not provide direct permissions to read, list, or write registry contents including repositories and images. Does not provide permissions to modify data plane content such as imports, Artifact Cache or Sync, and Transfer Pipelines. Does not provide permissions for managing Tasks.	Yes
Health Safeguards Data User	Allows processing of health data in all available Health Safeguards	No
Container Registry Configuration Reader and Data Access Configuration Reader	Provides permissions to list container registries and registry configuration properties. Provides permissions to list data access configuration such as admin user credentials, scope maps, and tokens, which can be used to read, write or delete repositories and images. Does not provide direct permissions to read, list, or write registry contents including repositories and images. Does not provide permissions to modify data plane content such as imports, Artifact Cache or Sync, and Transfer Pipelines. Does not provide permissions for managing Tasks.	Yes
Container Registry Transfer Pipeline Contributor	Provides the ability to transfer, import, and export artifacts through configuring registry transfer pipelines that involve intermediary storage accounts and key vaults. Does not provide permissions to push or pull images. Does not provide permissions to create, manage, or list storage accounts or key vaults. Does not provide permissions to perform role assignments.	Yes
Desktop Virtualization App Attach Contributor	Provide permission to manage app attach resources	Yes
HybridCompute Machine ListAccessDetails Action In-Built Role	In-Built Role definition that grants permissions to execute the listAccessDetails action on HybridCompute Machines	Yes
App Service Environment Contributor	Manage App Service Environments but not the App Service Plans or Websites that it hosts.	Yes
Kubernetes Agent Subscription Level Operator	Grants Microsoft Defender for Cloud subscription level permissions needed to activate Containers plan	Yes
Quantum Workspace Data Contributor	Create, read, and modify jobs and other Workspace data. This role is in preview and subject to change.	Yes
Communication and Email Service Owner	Create, read, modify, and delete Communications and Email Service resources.	Yes
Oracle.Database Autonomous Database Administrator	Grants full access to manage all Autonomous Database resources	Yes
Azure AI Safety Evaluator	This role can perform all actions under workspace evaluations and simulations.	Yes
Container Registry Tasks Contributor	Provides permissions to configure, read, list, trigger, or cancel Container Registry Tasks, Task Runs, Task Logs, Quick Runs, Quick Builds, and Task Agent Pools. Permissions granted for Tasks management can be used for full registry data plane permissions including reading/writing/deleting container images in registries. Permissions granted for Tasks management can also be used to run customer authored build directives and run scripts to build software artifacts.	Yes
Azure Backup Snapshot Contributor	Provide permissions to backup identity to manage RPC snapshots	Yes
AVS on Fleet VIS Role	Do not remove this role from your resource because it is critical to enable your AVS private cloud to operate. If the role is removed, it will cause your AVS private cloud control plane to no longer operate correctly. The role is used to enable the AVS private cloud control plane to inject address prefix changes of the private clouds attached virtual network to SDN and support peering sync feature. This role is not intended for use cases outside of assignment to the associated AVS identity in your entra-id tenant.	Yes
Durable Task Data Reader	Read all Durable Task Scheduler data.	No
Edge Management Copilot User	Enables users access to Edge Management Copilot.	Yes
Online Experimentation Data Owner	Allows full access to Online Experimentation data.	No
Online Experimentation Data Reader	Allows read access to Online Experimentation data.	No
Azure Stack HCI Edge Machine Contributor Role	Microsoft.AzureStackHCI Edge Machine Contributor Role	Yes
Chaos Studio Target Contributor	Can onboard targets and manage capabilities but cannot create, run, or see details for experiments	Yes
Auto Actions Contributor	Allows users to manage Auto Actions resources.	Yes
Azure Device Onboarding Discovery Contributor	Can read, write or delete the discovery and it's child resources.	Yes
SSH PublicKeys Contributor Role	This is the role created for SSH PublicKeys Contributor	Yes
SSH PublicKeys Reader Role	This is the role created for SSH PublicKeys Reader	Yes
Defender Serverless Scanner	Grants access to Serverless resources and thier connections	Yes
Azure Kubernetes Service Agent Pool Manager Role	Role for agentpool related actions	Yes
Dedicated Host Contributor Role	This is the role created for DedicatedHosts Contributor	Yes
Compute Fleet Contributor	Allows users to manage Compute Fleet resources.	Yes
Azure API Center Credential Access Reader	Allows for access to Azure API Center data plane get credentials operations.	No
Managed Identity Federated Identity Credential Contributor	Create, Read, Update, and Delete User Assigned Identity Federated Identity Credentials(FIC)	Yes
Azure File Sync Reader	Provides read access to Azure File Sync service (Storage Sync Service).	Yes
Azure File Sync Administrator	Provides full access to manage all Azure File Sync (Storage Sync Service) resources.	Yes
Azure Red Hat OpenShift Hosted Control Planes Cluster API Provider	Enables permissions to allow cluster API to manage nodes, networks and disks for OpenShift cluster.	Yes
Online Experimentation Reader	Grants permission for read operations to Online Experimentation resources.	Yes
Online Experimentation Contributor	Grants permissions for all management operations to Online Experimentation resources.	Yes
Oracle.Database Exascale Storage Vault Administrator	Grants full access to manage Exascale Storage Vaults	Yes
Flux Configurations Contributor	Can create, update, get, list and delete Flux Configurations	Yes
Container Registry Credential Set Reader	Read the configuration of Credential Sets in Container Registry. This permission doesn't allow permission to see content inside Azure Key vault only the content inside Container Registry. This permission doesn't grant permission to read Cache Rules.	Yes
Issue Contributor	Can read all issues data and update issues settings.	Yes
Oracle.Database Exascale VmCluster Administrator	Grants full access to manage Exascale VmClusters	Yes
Container Registry Credential Set Administrator	Create, Read, Update, and Delete Credential Sets in Container Registry. This role doesn't affect the needed permissions for storing content inside Azure Key Vault. This role also doesn't grant permissions to manage Cache Rules.	Yes
Container Registry Cache Rule Reader	Read the configuration of Cache Rules in Container Registry. This permission doesn't grant permission to read Credential Sets.	Yes
Container Registry Cache Rule Administrator	Create, Read, Update, and Delete Cache Rules in Container Registry. This role doesn't grant permissions to manage Credential Sets.	Yes
Power Platform Enterprise Policy Contributor	Create, Read, Update, and Delete Power Platform Enterprise Policy resources	Yes
Power Platform Account Contributor	Create, Read, Update, and Delete Power Platform Account resources	Yes
Usage Billing Contributor	Contributor access to Accounts	Yes
Workload Orchestration Solution External Validator	Grants you access to fetch targets, solution templates, solutions and update the external validation status	Yes
Azure AI Project Manager	Lets you perform developer actions and management actions on Azure AI Foundry Projects. Allows for making role assignments, but limited to Cognitive Service User role.	Yes
Azure Monitor Dashboards with Grafana Contributor	Can manage dashboards with Grafana.	Yes
Azure AI User	Grants reader access to AI projects, reader access to AI accounts, and data actions for an AI project.	Yes
Azure AI Account Owner	Grants full access to manage AI projects and accounts. Grants conditional assignment of the Azure AI User role to other user principles.	Yes
Secrets Store Extension Owner	Read, create and modify secretsync and secretproviderclass objects. Register and deregister the provider from the subscription.	Yes
Azure Red Hat OpenShift Hosted Control Planes Control Plane Operator	Enables the control plane operator to read resources necessary for OpenShift cluster.	Yes
Azure Red Hat OpenShift Hosted Control Planes Service Managed Identity	Azure Red Hat OpenShift Hosted Control Planes Service Managed Identity	Yes
Azure Kubernetes Fleet Manager Hub Agent Role	Grants access to Azure resources needed by Azure Kubernetes Fleet Manager hub agents.	Yes
Workload Orchestration IT Admin	Grants you access to manage the IT Admin operations for Workload Orchestration	Yes
Arc Gateway Manager	Manage Arc Gateway Resources	Yes
Microsoft.AzureStackHCI Device Pool Manager	Microsoft.AzureStackHCI Device Pool Manager 	Yes
Azure Kubernetes Service Machine Manager Role	Role for machine related actions	Yes
Monitoring Policy Contributor	Allows read access to all monitoring data, update permissions for monitoring settings and permissions to deploy and remediate Azure Monitor alert policies.	Yes
Microsoft.AzureStackHCI EdgeMachine Reader	Microsoft.AzureStackHCI EdgeMachine Reader	Yes
Storage Table Delegator	Allows for generation of a user delegation key, which can then be used to create a shared access signature for an Azure Storage table that is signed with Entra ID credentials.	Yes
Storage Queue Delegator	Allows for generation of a user delegation key, which can then be used to create a shared access signature for an Azure Storage queue that is signed with Entra ID credentials.	Yes
Storage File Delegator	Allows for generation of a user delegation key, which can then be used to create a shared access signature for a file or Azure file share that is signed with Entra ID credentials.	Yes
Scheduled Actions Contributor	Allows users to use Scheduled Actions offered by Microsoft.ComputeSchedule	Yes
Microsoft.AzureStackHCI Device Pool Machine Manager	Microsoft.AzureStackHCI Device Pool Machine Manager 	Yes
AI Model Scanner Operator	Grants Microsoft Defender for AI access to AI services and resources.	Yes
Azure Kubernetes Service Namespace User	Allows users to read Azure Kubernetes Service namespace resources. In-cluster namespace access further requires assignment of Azure Kubernetes Service RBAC roles to the namespace resource for an Entra ID enabled cluster.	Yes
Azure Kubernetes Service Namespace Contributor	Allows users to create and manage Azure Kubernetes Service namespace resources.	Yes
DevOps Infrastructure Contributor	Read, write, delete and perform actions on Managed DevOps Pools	Yes
DevCenter Owner	Provides access to manage all Microsoft.DevCenter resources, and to manage access to Microsoft.DevCenter resources by adding or removing role assignments for the DevCenter Project Admin and DevCenter Dev Box roles.	Yes
Service Health Security Reader	Grants permissions to view sensitive security information present in service health events	Yes
Service Health Billing Reader	Grants permissions to view billing information present in service health events	Yes
Azure Stack Edge Operations Role	Built in role for managing operations in azure stack edge	Yes
Grounding with Bing User	Enable Approved Microsoft Applications to connect to Bing to retrieve and ground responses using real-time data	No
Azure Advisor Service Role	Grants permission to delete and write access for suppressions, configurations and assmessments	Yes
Experimentation Resource Admin	Experimentation Resource Admin	Yes
FHIR Data Bulk Operator	Role allows user or principal to perform bulk operations	No
Microsoft Discovery Platform Contributor (Preview)	Grants permissions to view and operate on most Discovery platform resources, including workspaces, supercomputers, storages, agents, bookshelves, data containers, models, tools, workflows, and investigations, as well as perform data plane actions, but does not allow creating, updating, or deleting core resources such as workspaces, supercomputers, storages, bookshelves, node pools, or projects. This role is in preview and subject to change.	Yes
Microsoft Discovery Platform Administrator (Preview)	Grants full access to manage Microsoft.Discovery resources. This role is in preview and subject to change.	Yes
Microsoft Discovery Platform Reader (Preview)	Grants readonly permissions to view Microsoft.Discovery resources. This role in preview and subject to change.	Yes
Azure IoT Operations Onboarding	User can Azure arc connect and deploy Azure IoT Operations securely.	Yes
Azure IoT Operations Administrator	View, create, edit and delete AIO resources. Manage all resources, including instance and its downstream resources.	Yes
Connector Writer	Write connectors and have basic customer permissions like reading authorizations, alert rules and resourceGroups	Yes
Virtual Enclave Owner Role	Virtual Enclave Owner Role to access the resources of Microsoft.Mission stored with RPSAAS.	Yes
NginxPlus Contributor service role	Provides access to all Nginx.NginxPlus Control Plane operations	Yes
CosmosDB Fleet Operator Role	Lets you manage Azure CosmosDB Fleets and related child resources	Yes
Healthcare Apis contributor	Allows all actions on healthcareapis provider resources	Yes
Liftr Elastic Contributor	Provides access to Elastic Control Plane Operations	Yes
Liftr Newrelic Contributor	Provides access to Newrelic Control Plane Operations	Yes
Liftr Datadog Contributor	Provides access to Datadog Control Plane Operations	Yes
Liftr Elastic Owner	Grants full access to manage Elastic resources	Yes
Policy Enrollments Contributor	Allows the creation and modification of policy enrollments	Yes
Liftr Dynatrace Contributor	Provides access to Dynatrace Control Plane Operations	Yes
Microsoft.OffAzureSpringBoot Service Owner	Full access to Azure Microsoft.OffAzureSpringBoot Service REST APIs	Yes
Nexus Identity Owner	Provides owner access to nexusidentity resources	Yes
Nexus Network Fabric Owner	Provides owner access to nexus network fabric resources	Yes
Conversation Session User	Allows sending a message to the agent and receive a response, using the conversation session API	No
CosmosDB Fleet Analytics Storage Data Writer	Write telemetry data from the Fleet Analytics Synapse workspace to customer-provided storage accounts or Fabric Lakehouses.	Yes
Azure Data Transfer Owner	Create, read, modify, and delete pipelines, connections, and flows in Azure Data Transfer. Also perform any appropriate control plane operations for managing Azure Data Transfer resources.	Yes
Azure Business Continuity DUPI Reader	Lets you view Deleted Unified Protected items in Azure Business Continuity Center.	Yes
Video Indexer Account Contributor	Can manage Video Indexer Account resources and generate access tokens for data plane operations.	Yes
Sites Reader	View all Sites related resources but does not allow you to make any changes.	Yes
Sites Owner	Microsoft Edge Sites Owner role - Grants full access to manage all resources, including the ability to assign roles in Azure RBAC.	Yes
Liftr PureStorage Owner role	Provides access to all PureStorage related operations	Yes
Liftr Dell Owner role	Provides access to all Dell related operations	Yes
SupportPlan Contributor	Contributor role for Enterprise Support Resource Provider	Yes
Azure Spring Apps Service Owner	Full access to Azure Spring Apps Service REST APIs	Yes
Azure AI Enterprise Networking Outbound Rules Operator	A Built-in role that can authorize users to access and update the managed network settings of a machine learning workspace.	Yes
Azure Business Continuity UPI Reader	Lets you view Unified Protected items in Azure Business Continuity Center.	Yes
Pinecone.VectorDb Contributor Role	Provides access to all Pinecone.VectorDb related operations	Yes
LambdaTest.HyperExecute Contributor Role	Provides access to all LambdaTest.HyperExecute related operations	Yes
Microsoft.WeightsAndBiases Contributor Role	Provides access to all Microsoft.WeightsAndBiases related operations	Yes
ArizeAi.ObservabilityEval Contributor Role	Provides access to all ArizeAi.ObservabilityEval related operations	Yes
Recurring Scheduled Actions Contributor	Allows users to use Recurring Scheduled Actions offered by Microsoft.ComputeSchedule	Yes
Azure Resilience Management Drills Contributor	Contributor Role of Azure Resilience Management Drills Service	Yes
Azure Resilience Management Drills Reader	Reader Role of Azure Resilience Management Drills Service	Yes
Azure Resilience Management Drills Operator	Operator Role of Azure Resilience Management Drills Service	Yes
Azure Resilience Management Drills Administrator	Administrator Role of Azure Resilience Management Drills Service	Yes
Edge Order Partner Inventory Manager Service Role	Manage inventory metadata and inventory links associated with Edge Order Partner scenarios. Enables configuration and control of inventory resources for tracking and fulfillment purposes	Yes
Defender For Container Registries Operator	Grants Microsoft Defender for Cloud access to Azure Container Registries	Yes
Change Safety Contributor	Grants access to manage all Microsoft.ChangeSafety resources.	Yes
Clinical Coder Data User	Allows processing of health data in Clinical Coder	No
Defender Unified RBAC Data Manager	Defender Unified RBAC Data Manager. This role is managed and assigned automatically by the Defender Unified RBAC system. Manual assignment of this role is not recommended, as the Defender Unified RBAC system may modify or remove it at any time based on system requirements.	Yes
Azure Local Disconnected Operations Role	Azure Local Disconnected Operations Role	Yes
Workload Orchestration Administrator	Workload Orchestration Administrator Role	Yes
Firmware Analysis Reader	View firmware images but not upload them or perform any workspace configuration	Yes
Garnet Data Owner	Allows read, write, destructive and scripting actions on the Garnet resource	No
Garnet Data Reader	Allows read access to all keys within the Garnet resource	No
Garnet Script Data Contributor	Allows execution and management of scripts on the Garnet resource	No
Garnet Data Contributor	Allows read and write access to all keys within the Garnet resource	No
Defender Unified RBAC Authorization Manager	Defender Unified RBAC Authorization Manager. This role is managed and assigned automatically by the Defender Unified RBAC system. Manual assignment of this role is not recommended, as the Defender Unified RBAC system may modify or remove it at any time based on system requirements.	No
Defender Unified RBAC Authorization Reader	Defender Unified RBAC Authorization Reader. This role is managed and assigned automatically by the Defender Unified RBAC system. Manual assignment of this role is not recommended, as the Defender Unified RBAC system may modify or remove it at any time based on system requirements.	No
Defender Unified RBAC Contributor and Responder	Defender Unified RBAC Contributor and Responder. This role is managed and assigned automatically by the Defender Unified RBAC system. Manual assignment of this role is not recommended, as the Defender Unified RBAC system may modify or remove it at any time based on system requirements.	Yes
Defender Unified RBAC Reader	Defender Unified RBAC Reader. This role is managed and assigned automatically by the Defender Unified RBAC system. Manual assignment of this role is not recommended, as the Defender Unified RBAC system may modify or remove it at any time based on system requirements.	Yes
Defender Unified RBAC Responder	Defender Unified RBAC Responder. This role is managed and assigned automatically by the Defender Unified RBAC system. Manual assignment of this role is not recommended, as the Defender Unified RBAC system may modify or remove it at any time based on system requirements.	Yes
Azure Monitor Pipeline Reader	Read Azure Monitor Pipeline resources, including pipeline configurations and monitoring features.	Yes
Azure Monitor Pipeline Contributor	Manage Azure Monitor Pipeline resources, providing full read and write access to pipeline configurations and monitoring features.	Yes
Azure Migrate Owner	Grants full access to create and manage Azure Migrate projects including appliance-based discovery, creation of business case & assessment report and execution of migrations; Also grants ability to assign Azure Migrate specific roles in Azure RBAC.	Yes
Azure Migrate Decide and Plan Expert	Grants restricted access on Azure Migrate project to only perform planning operations including appliance-based discovery, managing inventory, identifying server dependencies, creation of business case & assessment reports.	Yes
Azure Migrate Service Reader	Grants required access to the system assigned managed identity of Azure Migrate project resource.	Yes
Azure Migrate Execute Expert	Grants restricted access on an Azure Migrate project to only perform migration related operations, including replication, execution of test migrations, tracking and monitoring of migration progress, and initiation of agentless and agent-based migrations.	Yes
Hybrid Connectivity contributor role	Microsoft.HybridConnectivity contributor role	Yes
SRE Agent Reader	Grants read-only access to all SRE Agent data, including chats, incidents, logs, and configurations. Does not permit interaction with the agent.	Yes
Aws Connector contributor role	Microsoft.AwsConnector contributor role	Yes
Storage File Data SMB MI Admin	Allows for admin-level access for managed identities on files/directories in Azure file shares.	No
Common Edge Admin	Common Edge Admin Role	Yes
Firmware Analysis User	Upload and analyze firmware images but not perform any workspace configuration	Yes
SRE Agent Administrator	Full control of the agent—manage chats, incident response plans, and agent run modes; approve and execute commands.	Yes
SRE Agent Standard User	Grants access to interact with the SRE Agent to triage incidents and run diagnostics.	Yes
Azure Kubernetes Fleet Manager Hub Cluster User Role	Grants read access to Azure Kubernetes Fleet Manager as well as the Kubernetes config file to connect to the fleet-managed hub cluster.	Yes
Log Analytics Data Reader	Log Analytics Data Reader can query and search the logs it is allowed to view over Log Analytics workspaces and tables	Yes
Dynamics 365 Customer Insights Service Role	Enables Diagnostic Logging setup for Customer Insights instances.	Yes
Storage Actions Blob Data Operator	Used by the Storage Actions - Storage Task to list & perform operations on the Storage Account blobs	Yes
Storage Actions Task Assignment Contributor	Used by the Storage Actions assigner to create a Task Assignment on their target Storage Account, with RBAC privileges for Managed Identity	Yes
Storage Actions Contributor	Used by the Storage Actions author to create, read, update, and delete Storage Actions	Yes
Azure Native Dynatrace Agent Management Role	Grants access to manage Dynatrace Agent on compute resources	Yes
Essential Machine Management Administrator	Can managed Essential Machine Management resources for subscriptions	Yes
Garnet PubSub Data Contributor	Allows read and write access to all channels within the Garnet resource	No
Garnet PubSub Data Reader	Allows read access to all channels within the Garnet resource	No
Tenant Contributor	Allows users to create and manage Entra ID Tenants.	Yes
Storage File Data SMB Admin	Allows for admin access equivalent to storage account key for end users over SMB.	No
Supercomputer Infrastructure Contributor	Lets you manage Supercomputer Infrastructure resources, but not access to them.	Yes
Azure Resilience Management Recovery Contributor	Contributor Role of Azure Resilience Management Recovery Service	Yes
Azure Resilience Management Recovery Operator	Operator Role of Azure Resilience Management Recovery Service	Yes
Azure Resilience Management Recovery Reader	Reader Role of Azure Resilience Management Recovery Service	Yes
Azure Resilience Management Recovery Administrator	Administrator Role of Azure Resilience Management Recovery Service	Yes
Healthcare Agent Contributer	Manage Helathcare Agent resources - list, view details, edit and delete resources.	Yes
Azure Device Registry Contributor	Allows for full access to IoT devices within Azure Device Registry Namespace.	Yes
Azure Device Registry Credentials Contributor	Allows for full access to manage credentials and policies within Azure Device Registry Namespace.	Yes
Migrate Arc Discovery Reader - Preview	Read metadata of Azure Arc enabled server resources and metadata, performance and migration suitability of Arc enabled SQL server resources. Users creating Azure Migrate project that uses Arc resource discovery require this role on Arc scope of the project. To enable periodic sync, Azure Migrate project managed identity must be assigned this role. This role is in preview and subject to change.	Yes
Azure Device Registry Onboarding	Allows for full access to Azure Device Registry Namespace and X.509 certificate provisioning.	Yes
Hybrid Network Owner	Provides owner access to Hybrid Network Resources	Yes
Azure Resilience Management Goals Administrator	This role allows users to view, assign and delete resiliency goals for the service group, as well as modify the list of service group members that get evaluated against the goal. This role also allows a user to assign goal related permissions to other users.	Yes
Azure Resilience Management Goals Reader	This role allows users to view the resiliency goals for the service group, as well as view the list of service group members that are being evaluated against the goal.	Yes
Azure Resilience Management Goals Contributor	This role allows users to view, assign and delete resiliency goals for the service group, as well as modify the list of service group members that get evaluated against the goal.	Yes
Azure Kubernetes Application Network Contributor Role	Grant read, write and delete access to Azure Kubernetes Application Network	Yes
Azure Kubernetes Fleet Manager RBAC Admin for Member Clusters	This role grants admin access - provides write permissions on most objects within a namespace, with the exception of ResourceQuota object and the namespace object itself. Applying this role at cluster scope will give access across all namespaces.	Yes
Azure Kubernetes Fleet Manager RBAC Writer for Member Clusters	Allows read/write access to most objects in a namespace. This role does not allow viewing or modifying roles or role bindings. However, this role allows accessing Secrets and running Pods as any ServiceAccount in the namespace, so it can be used to gain the API access levels of any ServiceAccount in the namespace.  Applying this role at cluster scope will give access across all namespaces.	Yes
Azure Kubernetes Fleet Manager RBAC Cluster Admin for Member Clusters	Lets you manage all resources in the member clusters in the fleet.	Yes
Azure Kubernetes Fleet Manager RBAC Reader for Member Clusters	Allows read-only access to see most objects in a namespace. It does not allow viewing roles or role bindings. This role does not allow viewing Secrets, since reading the contents of Secrets enables access to ServiceAccount credentials in the namespace, which would allow API access as any ServiceAccount in the namespace (a form of privilege escalation).  Applying this role at cluster scope will give access across all namespaces.	Yes
Service Group Member Relationship Contributor	Role definition allowing read, write and delete access to Service Group Member relationship types	Yes
Relationship Reader	Role definition allowing read access to all relationship types	Yes
Relationship Administrator	Role definition allowing read, write and delete access to all relationship types	Yes
SRE Agent Author	Allows users to add custom features to the SRE Agent using incident handlers and extended agents.	Yes
Microsoft Confluent Contributor role	Microsoft Confluent Provider role to manage organizations and child resource.	Yes
Informatica DataManagement Contributor role	Informatica DataManagement Provider role to manage organizations and child resource.	Yes
Defender Cloud Secrets Posture	Service role that provides permissions for Microsoft Defender Cloud Secrets Posture	Yes
Azure Resilience Management Drills Assets Administrator	This Role grants permissions on the Chaos Subscription to create, read, and delete Resource Groups, Automation Accounts, and Chaos Experiments, and assigns necessary roles to Drill and Chaos MSIs for executing post actions required by Azure Resilience Management Drills.	Yes
Azure Resilience Management Drills Assets Contributor	This Role grants permissions on the Chaos Subscription to create, read, and delete Resource Groups, Automation Accounts, and Chaos Experiments for managing chaos engineering workflows required by Azure Resilience Management Drills	Yes
Azure Resilience Management Drills Target Resource Administrator	This role should be assigned at the Service Group Members scope to enable resource read access, manage role assignments, and configure chaos targets and capabilities for fault injection, failover, and other post-fault actions	Yes
Azure Resilience Management Drills Target Resource Contributor	This role should be assigned at the Service Group Members scope to enable resource read access and configure chaos targets and capabilities for fault injection, failover, and other post-fault actions	Yes
ARN Service Event Grid Subscriber Role	Allows ARN to subscribe to partner event grid topics	Yes
Gcp Connector contributor role	Microsoft.GcpConnector contributor role	Yes
Storage File Data SMB Take Ownership	Allows end user to assume ownership of a file/directory	No
Defender CSPM	Grants permissions for Microsoft Defender for Cloud CSPM base plan features	No
Storage DataShare Contributor	Allows creating and managing storage dataShares to share data from storage accounts in-place. This role is in preview and subject to change.	Yes
Storage Connector Contributor	Allows creating and managing storage connectors to access remote data sources in-place in a storage account. This role is in preview and subject to change.	Yes
Cognitive Services Security Integration Admin	Lets you manage safety providers for Cognitive Services.	Yes
Playwright Workspace Reader	View and list all Playwright Workspace resources and tests but can not make any changes.	Yes
Playwright Workspace Owner	Perform all operations on Playwright Workspace resources. Can manage service access tokens and execute Playwright tests.	Yes
Playwright Workspace Contributor	View and list Playwright Workspace resources but can not make any changes. Can manage service access tokens and execute Playwright tests.	Yes
Defender API Security	Grants Microsoft Defender for Cloud access to computes to provide API security	Yes
Defender Settings Contributor	Grants Microsoft Defender for Cloud access to Defender Settings	Yes
Defender Unified RBAC Scoped Reader	Defender Unified RBAC Scoped Reader. This role is managed and assigned automatically by the Defender Unified RBAC system. Manual assignment of this role is not recommended, as the Defender Unified RBAC system may modify or remove it at any time based on system requirements.	Yes
Azure Device Onboarding Contributor	Can read, write, or delete resources for onboarding services, policies, and device states.	Yes
Compute Limit Operator	Read and manage compute limits using compute limit operations.	Yes
MongoDB Atlas Contributor	Provides access to MongoDB.Atlas Control Plane Operations	Yes
Arc Container Storage Contributor	Create, read, modify, and delete Arc Container Storage resources on connected clusters. This role is in preview and subject to change.	Yes
Azure AI Owner	Grants full to manage AI project and accounts. Grants reader access to AI projects, reader access to AI accounts, and data actions for an AI project.	Yes
Azure Red Hat OpenShift First Party Network	Grant ARO Classic First Party Service Principal or managed identity required network permissions.	Yes
Elastic SAN Volume Data Contributor	Allows for read and write access to a volume data on Azure Elastic SAN	Yes
Microsoft Approvals Workflow Contributor	Performs approval workflow management operations including workflow creation, execution and deletion.	Yes
Microsoft Approvals Service Operator	Performs Approvals service-level management operations including service onboarding and configuration.	Yes
Microsoft Approvals Request User	Requests approval workflow execution for resource changes.	Yes
Astronomer Astro Contributor	Provides access to Astronomer.Astro Control Plane Operations	Yes
Defender Databricks Operator	Grants permissions for Microsoft Defender for Cloud feature on Databricks.	Yes
Azure Stack Hub registration role	Microsoft.AzureStack registration role.	Yes
EdgeMarketPlace role	Microsoft.EdgeMarketPlace role.	Yes
Azure Stack Hub Linked Subscriptions role	Microsoft.AzureStack Linked Subscriptions role.	Yes
Defender Open Source Relational Databases	Microsoft Defender for Open Source Relational Databases role. Grant permissions for enablement.	Yes
Defender SQL Servers On Machines	Microsoft Defender for SQL Servers On Machines role. Grant permissions for enablement.	Yes
Defender Azure Cosmos DB	Microsoft Defender for Azure Cosmos DB role. Grant permissions for enablement.	Yes
Defender for Storage Threat Protection	Microsoft Defender for Storage Threat Protection role - grants the permissions needed to enable/disable Defender for Storage Advanced Threat Protection at resource level.	Yes
Azure Kubernetes Fleet Manager ABAC Custom Resources Reader	Allows read-only access to view Kubernetes custom resources on Azure Kubernetes Fleet Manager fleets. This role enables viewing custom resources without the ability to create, modify, or delete them. Applying this role at cluster scope will give read access to custom resources across all namespaces. More information on supported attributes for Attribute-Based Access Control (ABAC) conditions can be found under documentation at aka.ms/aks/abac/custom-resources/docs	Yes
Azure Kubernetes Fleet Manager ABAC Custom Resources Reader for Member Clusters	Allows read-only access to view Kubernetes custom resources on Azure Kubernetes Fleet Manager member clusters. This role enables viewing custom resources without the ability to create, modify, or delete them. Applying this role at cluster scope will give read access to custom resources across all namespaces. More information on supported attributes for Attribute-Based Access Control (ABAC) conditions can be found under documentation at aka.ms/aks/abac/custom-resources/docs	Yes
Device Update Contributor	Gives you full access to manage Device Update accounts, instances, and private endpoint connections	Yes
Azure Kubernetes Fleet Manager ABAC Custom Resources Writer for Member Clusters	Allows write and delete access to manage Kubernetes custom resources on Azure Kubernetes Fleet Manager member clusters. This role enables creating, modifying, and deleting custom resources. Applying this role at cluster scope will give access to custom resources across all namespaces. More information on supported attributes for Attribute-Based Access Control (ABAC) conditions can be found under documentation at aka.ms/aks/abac/custom-resources/docs	Yes
Azure Kubernetes Fleet Manager ABAC Custom Resources Writer	Allows write and delete access to manage Kubernetes custom resources on Azure Kubernetes Fleet Manager fleets. This role enables creating, modifying, and deleting custom resources. Applying this role at cluster scope will give access to custom resources across all namespaces. More information on supported attributes for Attribute-Based Access Control (ABAC) conditions can be found under documentation at aka.ms/aks/abac/custom-resources/docs	Yes
Defender Servers P1	Defender Servers P1	Yes
Genome Admin	Full access to Genome control plane operations only	Yes
Defender Servers P2	Defender Servers P2	Yes
Healthcare Interop Contributor	Allows all actions on healthcare interop provider resources	Yes
Cosmos DB Long Term Retention Backup Role	Allows performing long term retention backup operations for Cosmos DB	Yes
Cosmos DB Long Term Retention Restore Role	Allows performing long term retention restore operations for Cosmos DB	Yes
Azure Edge On-Site Deployment Manager	Grants you access to take actions as an on-site person to assist in the provisioning of an edge device	Yes
Defender AI	Service role that provides permissions for Microsoft Defender for AI	Yes
Azure Device Registry Administrator	Azure Device Registry Administrator	Yes
Defender Storage Malware Data Scanner	Grants data plane permissions for Microsoft Defender for Storage scanning operations — blob/file read, index tag updates.	Yes
Defender Storage Automated Malware Remediation	Grants additional permissions for Microsoft Defender for Storage automated remediation operations including soft-delete management and blob deletion.	Yes
Confidential Ledger Data Contributor	Allows read and write access to Confidential Ledger transactions, including reading entries, receipts, and transaction status, and creating new ledger entries.	No
Pro Active Coding Data User	Allows processing of health data in Pro Active Coding	No
Defender Azure SQL Databases	Microsoft Defender for Azure SQL Databases role. Grant permissions for enablement.	Yes
Defender Storage Malware Operator	Grants permissions for Microsoft Defender for Storage malware scanning operations including blob/file read, index tag updates, EventGrid management, and network bypass.	Yes
Confidential Ledger Data Reader	Allows read access to Confidential Ledger transactions, including reading entries, receipts, and transaction status.	No
Microsoft Discovery Bookshelf Index Data Reader - Preview	Grants query access to search and retrieve data from Microsoft Discovery Bookshelf knowledge bases. This is the minimum role required to use the retrieve action when linking a knowledge base to an agent. This role is in preview and subject to change.	No
Oracle Database DbSystems Administrator	Grants full access to manage DbSystems resources	Yes
Azure Managed Redis Contributor	Lets you manage Azure Managed Redis resources, but not access the data stored in them.	Yes
Azure Managed Redis Reader	Lets you view Azure Managed Redis resources, but not modify them or access keys or access to the data stored in them.	Yes
Dev Compute SandboxGroup Data Owner	Ownership of all SandboxGroup data.	No
Services Hub User	Services Hub User allows you to perform all read, write, and deletion operations related to Services Hub Connectors except create/delete connector and managing law.	Yes
Genome EndUser	Full access to Genome data plane operations only	No
Diagnostics Operator	Role allows users to collect diagnostic information regarding their Virtual Machine	Yes
Azure Resilience Management Usage Administrator	Administrator Role of Azure Resilience Management Usage	Yes
Azure Resilience Management Usage Contributor	Contributor Role of Azure Resilience Management Usage	Yes
Azure Resilience Management Usage Reader	Reader Role of Azure Resilience Management Usage	Yes
